Image index,Label
0,60 km/h
1,Give way
2,30 km/h
3,Give way
4,No overtaking for trucks
5,Roadwork
6,80 km/h
7,Traffic light
8,Roadwork
9,Stop
10,No overtaking
11,70 km/h
12,70 km/h
13,50 km/h
14,Give way
15,100 km/h
16,Road up for truck
17,100 km/h
18,Turn right
19,Deer
20,Hollow road
21,80 km/h
22,80 km/h
23,Give way
24,Take right
25,Take right
26,Turn left
27,Stop
28,Narrowing road
29,80 km/h end
30,120 km/h
31,Turn right
32,Road up for truck
33,Bike
34,No overtaking
35,Brock
36,Give way
37,Crossroad with secondary way
38,Main road
39,Pedestrian
40,70 km/h
41,Narrowing road
42,Take right
43,Hollow road
44,Narrowing road
45,Crossroad with secondary way
46,70 km/h
47,Take left
48,80 km/h end
49,Road up
50,100 km/h
51,100 km/h
52,Give way
53,No overtaking for trucks
54,60 km/h
55,100 km/h
56,70 km/h
57,Give way
58,Crossroad with secondary way
59,60 km/h
60,Road up
61,80 km/h end
62,Crossroad with secondary way
63,Main road
64,120 km/h
65,Only left
66,End of overtaking limit
67,Stop
68,Main road
69,No overtaking
70,Brock
71,No overtaking
72,100 km/h
73,70 km/h
74,Circle crossroad
75,Other dangerous
76,Other dangerous
77,Slippery road
78,70 km/h
79,Only straight
80,No overtaking
81,30 km/h
82,Give way
83,70 km/h
84,60 km/h
85,Deer
86,Stop
87,60 km/h
88,80 km/h end
89,30 km/h
90,30 km/h
91,Give way
92,70 km/h
93,Stop
94,No overtaking
95,70 km/h
96,Deer
97,Stop
98,Only straight
99,60 km/h
100,100 km/h
101,Take right
102,Take right
103,Turn right
104,120 km/h
105,80 km/h
106,Give way
107,70 km/h
108,80 km/h
109,Roadwork
110,80 km/h
111,Traffic light
112,Main road
113,No overtaking
114,Traffic light
115,30 km/h
116,100 km/h
117,Stop
118,30 km/h
119,Turn right
120,No overtaking
121,Deer
122,70 km/h
123,20 km/h
124,Take right
125,60 km/h
126,Stop
127,End of overtaking limit
128,Brock
129,Give way
130,Brock
131,Circle crossroad
132,Only straight
133,100 km/h
134,60 km/h
135,Main road
136,Only straight
137,Take right
138,No overtaking
139,Other dangerous
140,Narrowing road
141,No overtaking
142,Crossroad with secondary way
143,Other dangerous
144,80 km/h
145,80 km/h
146,70 km/h
147,Slippery road
148,Traffic light
149,Only right
150,Give way
151,Circle crossroad
152,Crossroad with secondary way
153,Give way
154,100 km/h
155,80 km/h
156,60 km/h
157,Main road
158,Slippery road
159,Children
160,80 km/h
161,Only straight and right
162,Main road
163,Slippery road
164,Slippery road
165,100 km/h
166,Other dangerous
167,Roadwork
168,100 km/h
169,Traffic light
170,Crossroad with secondary way
171,Snow
172,80 km/h
173,Turn right
174,Narrowing road
175,100 km/h
176,60 km/h
177,60 km/h
178,End of the limits
179,Children
180,Other dangerous
181,Main road
182,Brock
183,Take right
184,Give way
185,100 km/h
186,100 km/h
187,50 km/h
188,Circle crossroad
189,80 km/h end
190,60 km/h
191,80 km/h
192,Circle crossroad
193,Deer
194,Give way
195,80 km/h end
196,Crossroad with secondary way
197,80 km/h end
198,120 km/h
199,Road up
200,70 km/h
201,100 km/h
202,70 km/h
203,Only straight
204,Circle crossroad
205,80 km/h
206,Circle crossroad
207,Main road
208,Give way
209,Only straight
210,Children
211,80 km/h
212,30 km/h
213,100 km/h
214,Main road
215,Stop
216,Snow
217,Children
218,No overtaking
219,Main road
220,Crossroad with secondary way
221,Only right
222,Only right
223,Give way
224,100 km/h
225,60 km/h
226,Take right
227,Main road
228,50 km/h
229,Other dangerous
230,70 km/h
231,Roadwork
232,30 km/h
233,Main road
234,Roadwork
235,80 km/h end
236,80 km/h
237,80 km/h
238,Roadwork
239,Only straight and right
240,Give way
241,Only right
242,Give way
243,80 km/h
244,No overtaking
245,Brock
246,30 km/h
247,Other dangerous
248,Slippery road
249,Brock
250,No overtaking for trucks
251,100 km/h
252,Take right
253,Hollow road
254,Crossroad with secondary way
255,Road up for truck
256,Stop
257,100 km/h
258,Only right
259,Bike
260,End of overtaking limit
261,Stop
262,Brock
263,80 km/h
264,Brock
265,100 km/h
266,Give way
267,60 km/h
268,Traffic light
269,80 km/h
270,No overtaking
271,100 km/h
272,Only right
273,Road up
274,Give way
275,Give way
276,No overtaking
277,100 km/h
278,Give way
279,100 km/h
280,100 km/h
281,30 km/h
282,Circle crossroad
283,Deer
284,80 km/h
285,Only straight and right
286,Stop
287,Traffic light
288,Only straight and right
289,Brock
290,Take left
291,Snow
292,Main road
293,80 km/h
294,60 km/h
295,End of overtaking limit for truck
296,80 km/h
297,70 km/h
298,120 km/h
299,Main road
300,Main road
301,60 km/h
302,Main road
303,100 km/h
304,No overtaking
305,Turn right
306,80 km/h
307,Take left
308,Only left
309,100 km/h
310,60 km/h
311,Deer
312,70 km/h
313,Snow
314,Other dangerous
315,70 km/h
316,Only right
317,Crossroad with secondary way
318,Brock
319,80 km/h end
320,Brock
321,80 km/h
322,80 km/h
323,Traffic light
324,Road up
325,Crossroad with secondary way
326,Main road
327,No overtaking for trucks
328,No overtaking
329,70 km/h
330,Take right
331,Take right
332,End of overtaking limit
333,Stop
334,Brock
335,70 km/h
336,Slippery road
337,Stop
338,Brock
339,No overtaking for trucks
340,80 km/h
341,70 km/h
342,Take right
343,Stop
344,100 km/h
345,Main road
346,80 km/h
347,Stop
348,Snow
349,120 km/h
350,Take right
351,No overtaking
352,80 km/h
353,Main road
354,Give way
355,No overtaking
356,Crossroad with secondary way
357,Only left
358,Circle crossroad
359,60 km/h
360,60 km/h
361,30 km/h
362,No overtaking
363,80 km/h
364,Stop
365,Roadwork
366,Stop
367,No overtaking
368,End of the limits
369,Other dangerous
370,Take right
371,100 km/h
372,Give way
373,Take right
374,Only right
375,Hollow road
376,Give way
377,100 km/h
378,Only right
379,Roadwork
380,100 km/h
381,60 km/h
382,Take right
383,80 km/h
384,80 km/h end
385,120 km/h
386,50 km/h
387,30 km/h
388,Brock
389,No overtaking
390,Only straight
391,Main road
392,30 km/h
393,80 km/h
394,Main road
395,Roadwork
396,End of overtaking limit for truck
397,Crossroad with secondary way
398,Only straight
399,No overtaking
400,Give way
401,100 km/h
402,Road up
403,100 km/h
404,Take right
405,Deer
406,Turn right
407,80 km/h
408,70 km/h
409,70 km/h
410,End of overtaking limit for truck
411,Roadwork
412,Only right
413,60 km/h
414,Roadwork
415,30 km/h
416,No overtaking
417,Slippery road
418,Narrowing road
419,Narrowing road
420,Take right
421,No overtaking for trucks
422,Slippery road
423,Roadwork
424,70 km/h
425,80 km/h
426,Take right
427,Only left
428,Other dangerous
429,70 km/h
430,80 km/h end
431,100 km/h
432,Roadwork
433,No overtaking for trucks
434,100 km/h
435,70 km/h
436,80 km/h
437,Deer
438,50 km/h
439,100 km/h
440,End of overtaking limit for truck
441,100 km/h
442,Take right
443,100 km/h
444,20 km/h
445,Only left
446,Hollow road
447,70 km/h
448,100 km/h
449,Turn right
450,Main road
451,Only left
452,Brock
453,80 km/h end
454,Main road
455,Other dangerous
456,Give way
457,Give way
458,Main road
459,80 km/h
460,End of overtaking limit for truck
461,Snow
462,80 km/h end
463,Give way
464,End of overtaking limit for truck
465,Brock
466,Only left
467,Brock
468,80 km/h
469,60 km/h
470,Slippery road
471,80 km/h
472,Other dangerous
473,Only straight and right
474,70 km/h
475,End of overtaking limit for truck
476,Give way
477,Deer
478,80 km/h
479,30 km/h
480,Give way
481,Only straight
482,Road up for truck
483,Circle crossroad
484,70 km/h
485,Take right
486,Only straight and left
487,Traffic light
488,Main road
489,End of overtaking limit
490,Give way
491,No overtaking
492,100 km/h
493,Crossroad with secondary way
494,Give way
495,Stop
496,Only right
497,Give way
498,50 km/h
499,Road up for truck
500,Brock
501,Crossroad with secondary way
502,Traffic light
503,Brock
504,End of the limits
505,Deer
506,Road up for truck
507,60 km/h
508,Deer
509,Circle crossroad
510,No overtaking for trucks
511,Give way
512,Turn right
513,60 km/h
514,Road up for truck
515,60 km/h
516,Traffic light
517,Snow
518,100 km/h
519,60 km/h
520,70 km/h
521,Roadwork
522,Roadwork
523,No overtaking
524,30 km/h
525,60 km/h
526,Other dangerous
527,80 km/h
528,No overtaking
529,Stop
530,Brock
531,100 km/h
532,Brock
533,Brock
534,Roadwork
535,Roadwork
536,Main road
537,Hollow road
538,120 km/h
539,Only straight and right
540,30 km/h
541,80 km/h
542,Road up
543,Give way
544,30 km/h
545,Crossroad with secondary way
546,Stop
547,Deer
548,100 km/h
549,Give way
550,80 km/h end
551,Give way
552,No overtaking
553,End of overtaking limit for truck
554,80 km/h
555,100 km/h
556,100 km/h
557,Only left
558,Other dangerous
559,50 km/h
560,Slippery road
561,Slippery road
562,60 km/h
563,60 km/h
564,Roadwork
565,No overtaking for trucks
566,Only straight and left
567,Roadwork
568,70 km/h
569,Stop
570,100 km/h
571,Give way
572,No overtaking for trucks
573,End of overtaking limit for truck
574,Other dangerous
575,Narrowing road
576,70 km/h
577,Give way
578,Only left
579,Deer
580,100 km/h
581,Slippery road
582,Only straight
583,100 km/h
584,Winding road
585,No overtaking
586,Main road
587,100 km/h
588,Crossroad with secondary way
589,Only straight
590,30 km/h
591,Stop
592,60 km/h
593,Main road
594,120 km/h
595,End of overtaking limit
596,Slippery road
597,Take right
598,Main road
599,30 km/h
600,30 km/h
601,100 km/h
602,Winding road
603,60 km/h
604,Turn right
605,Pedestrian
606,60 km/h
607,80 km/h end
608,80 km/h
609,30 km/h
610,Road up
611,Take left
612,60 km/h
613,No overtaking
614,120 km/h
615,Main road
616,50 km/h
617,120 km/h
618,60 km/h
619,Crossroad with secondary way
620,End of overtaking limit for truck
621,80 km/h
622,80 km/h
623,Take right
624,30 km/h
625,No overtaking for trucks
626,120 km/h
627,Brock
628,Snow
629,Main road
630,Crossroad with secondary way
631,120 km/h
632,End of overtaking limit
633,Crossroad with secondary way
634,End of the limits
635,Road up
636,Hollow road
637,30 km/h
638,Main road
639,60 km/h
640,Pedestrian
641,80 km/h
642,Take right
643,80 km/h end
644,70 km/h
645,Other dangerous
646,80 km/h
647,Stop
648,Roadwork
649,60 km/h
650,End of overtaking limit
651,80 km/h
652,Slippery road
653,Turn left
654,Slippery road
655,Brock
656,Give way
657,Deer
658,Brock
659,Main road
660,20 km/h
661,Only straight and left
662,Pedestrian
663,30 km/h
664,100 km/h
665,Brock
666,70 km/h
667,Turn left
668,Give way
669,Road up for truck
670,20 km/h
671,End of the limits
672,Brock
673,100 km/h
674,100 km/h
675,Other dangerous
676,100 km/h
677,70 km/h
678,Only left
679,80 km/h
680,70 km/h
681,70 km/h
682,Road up
683,30 km/h
684,Crossroad with secondary way
685,100 km/h
686,60 km/h
687,120 km/h
688,Other dangerous
689,Give way
690,50 km/h
691,Bike
692,30 km/h
693,80 km/h
694,Take right
695,End of overtaking limit for truck
696,80 km/h
697,Give way
698,30 km/h
699,Only straight and left
700,120 km/h
701,100 km/h
702,Give way
703,Main road
704,Take right
705,Give way
706,Give way
707,Brock
708,Main road
709,Road up
710,70 km/h
711,80 km/h end
712,80 km/h
713,Circle crossroad
714,Roadwork
715,100 km/h
716,Narrowing road
717,Give way
718,Only straight and right
719,End of the limits
720,End of overtaking limit for truck
721,Stop
722,Give way
723,100 km/h
724,Turn right
725,50 km/h
726,100 km/h
727,60 km/h
728,Traffic light
729,Main road
730,60 km/h
731,Road up for truck
732,Deer
733,Hollow road
734,Give way
735,Main road
736,100 km/h
737,Take right
738,120 km/h
739,Stop
740,Give way
741,No overtaking for trucks
742,Slippery road
743,Give way
744,Main road
745,70 km/h
746,Give way
747,80 km/h
748,20 km/h
749,100 km/h
750,30 km/h
751,50 km/h
752,No overtaking
753,Roadwork
754,Roadwork
755,70 km/h
756,60 km/h
757,Only straight and left
758,Main road
759,120 km/h
760,50 km/h
761,60 km/h
762,Pedestrian
763,Stop
764,Give way
765,Snow
766,Take right
767,Crossroad with secondary way
768,Brock
769,End of overtaking limit for truck
770,30 km/h
771,Stop
772,Only right
773,60 km/h
774,Take right
775,Main road
776,Take right
777,Road up
778,Give way
779,Brock
780,100 km/h
781,100 km/h
782,Main road
783,70 km/h
784,100 km/h
785,60 km/h
786,Only straight and left
787,Circle crossroad
788,No overtaking for trucks
789,No overtaking
790,Give way
791,Crossroad with secondary way
792,100 km/h
793,Main road
794,Only right
795,Main road
796,100 km/h
797,Crossroad with secondary way
798,Crossroad with secondary way
799,Roadwork
800,Only straight and right
801,Take left
802,Main road
803,Road up
804,Road up
805,60 km/h
806,Deer
807,Only straight and left
808,Main road
809,Only straight and right
810,Crossroad with secondary way
811,Other dangerous
812,20 km/h
813,Deer
814,70 km/h
815,Stop
816,30 km/h
817,Stop
818,100 km/h
819,80 km/h
820,No overtaking
821,Roadwork
822,Only straight
823,100 km/h
824,Slippery road
825,Road up
826,100 km/h
827,No overtaking
828,100 km/h
829,Brock
830,Turn left
831,70 km/h
832,80 km/h
833,120 km/h
834,Other dangerous
835,Stop
836,Stop
837,70 km/h
838,Snow
839,No overtaking
840,Only straight and right
841,Stop
842,Turn left
843,Road up for truck
844,Road up
845,80 km/h end
846,30 km/h
847,80 km/h
848,Only left
849,Give way
850,30 km/h
851,Main road
852,Stop
853,Roadwork
854,30 km/h
855,No overtaking
856,50 km/h
857,80 km/h
858,100 km/h
859,Turn right
860,100 km/h
861,80 km/h
862,80 km/h
863,Road up
864,Take right
865,100 km/h
866,100 km/h
867,60 km/h
868,Other dangerous
869,30 km/h
870,80 km/h
871,100 km/h
872,70 km/h
873,Roadwork
874,Give way
875,Take right
876,Main road
877,No overtaking
878,100 km/h
879,Stop
880,Brock
881,Give way
882,60 km/h
883,20 km/h
884,Take right
885,Deer
886,100 km/h
887,Main road
888,100 km/h
889,100 km/h
890,Other dangerous
891,Slippery road
892,30 km/h
893,Only straight and right
894,End of overtaking limit for truck
895,Road up for truck
896,Give way
897,Snow
898,Give way
899,30 km/h
900,Crossroad with secondary way
901,End of overtaking limit for truck
902,Give way
903,80 km/h end
904,Snow
905,Deer
906,Slippery road
907,Hollow road
908,100 km/h
909,Roadwork
910,30 km/h
911,Snow
912,70 km/h
913,Only straight
914,120 km/h
915,Give way
916,Slippery road
917,30 km/h
918,120 km/h
919,70 km/h
920,50 km/h
921,Give way
922,End of overtaking limit for truck
923,Give way
924,70 km/h
925,30 km/h
926,Only right
927,Only straight
928,Other dangerous
929,No overtaking
930,Brock
931,No overtaking
932,100 km/h
933,80 km/h end
934,100 km/h
935,100 km/h
936,80 km/h end
937,Give way
938,Circle crossroad
939,Brock
940,End of overtaking limit for truck
941,30 km/h
942,No overtaking
943,80 km/h end
944,Road up
945,Crossroad with secondary way
946,Other dangerous
947,80 km/h
948,Crossroad with secondary way
949,100 km/h
950,20 km/h
951,Roadwork
952,70 km/h
953,Give way
954,50 km/h
955,70 km/h
956,100 km/h
957,30 km/h
958,100 km/h
959,80 km/h end
960,100 km/h
961,80 km/h end
962,30 km/h
963,Other dangerous
964,70 km/h
965,80 km/h
966,Only straight
967,Roadwork
968,Main road
969,Give way
970,Take right
971,Brock
972,Take left
973,Main road
974,80 km/h
975,Roadwork
976,Road up for truck
977,No overtaking for trucks
978,70 km/h
979,80 km/h
980,30 km/h
981,Crossroad with secondary way
982,60 km/h
983,Main road
984,Main road
985,No overtaking for trucks
986,Road up
987,100 km/h
988,60 km/h
989,Brock
990,80 km/h
991,30 km/h
992,100 km/h
993,Give way
994,120 km/h
995,Take right
996,30 km/h
997,Other dangerous
998,Turn right
999,Only left
1000,Hollow road
1001,Other dangerous
1002,Slippery road
1003,Brock
1004,Road up for truck
1005,Main road
1006,70 km/h
1007,Roadwork
1008,100 km/h
1009,Children
1010,Other dangerous
1011,Main road
1012,30 km/h
1013,100 km/h
1014,Road up for truck
1015,70 km/h
1016,Give way
1017,60 km/h
1018,Other dangerous
1019,Roadwork
1020,Main road
1021,Give way
1022,Brock
1023,Only straight
1024,70 km/h
1025,Main road
1026,60 km/h
1027,30 km/h
1028,Other dangerous
1029,30 km/h
1030,120 km/h
1031,Other dangerous
1032,100 km/h
1033,Crossroad with secondary way
1034,Slippery road
1035,Crossroad with secondary way
1036,Only straight
1037,30 km/h
1038,Roadwork
1039,No overtaking
1040,No overtaking
1041,Only straight
1042,100 km/h
1043,Road up for truck
1044,Take right
1045,Take right
1046,Turn left
1047,100 km/h
1048,Children
1049,No overtaking
1050,Only straight
1051,Other dangerous
1052,Only straight
1053,No overtaking
1054,End of overtaking limit
1055,80 km/h
1056,Road up
1057,80 km/h
1058,30 km/h
1059,Bike
1060,50 km/h
1061,120 km/h
1062,100 km/h
1063,Roadwork
1064,30 km/h
1065,Main road
1066,Only right
1067,100 km/h
1068,Pedestrian
1069,Deer
1070,Other dangerous
1071,Road up
1072,80 km/h
1073,30 km/h
1074,100 km/h
1075,80 km/h
1076,Slippery road
1077,Give way
1078,30 km/h
1079,Only left
1080,Winding road
1081,120 km/h
1082,70 km/h
1083,Children
1084,Roadwork
1085,70 km/h
1086,80 km/h
1087,80 km/h
1088,30 km/h
1089,Slippery road
1090,Only straight
1091,70 km/h
1092,Only straight
1093,Take right
1094,80 km/h
1095,80 km/h
1096,No overtaking
1097,Turn left
1098,20 km/h
1099,Snow
1100,Take right
1101,Only straight and right
1102,Stop
1103,Only straight
1104,120 km/h
1105,120 km/h
1106,Take right
1107,End of overtaking limit
1108,Main road
1109,Crossroad with secondary way
1110,No overtaking for trucks
1111,Main road
1112,30 km/h
1113,80 km/h
1114,Stop
1115,80 km/h
1116,100 km/h
1117,80 km/h
1118,Give way
1119,Stop
1120,70 km/h
1121,No overtaking
1122,70 km/h
1123,100 km/h
1124,Roadwork
1125,50 km/h
1126,70 km/h
1127,Crossroad with secondary way
1128,Roadwork
1129,No overtaking
1130,Roadwork
1131,100 km/h
1132,30 km/h
1133,60 km/h
1134,Give way
1135,Take right
1136,Other dangerous
1137,Take right
1138,Children
1139,50 km/h
1140,Roadwork
1141,Main road
1142,Traffic light
1143,Winding road
1144,Road up
1145,Give way
1146,Bike
1147,Other dangerous
1148,70 km/h
1149,100 km/h
1150,60 km/h
1151,Deer
1152,100 km/h
1153,Brock
1154,Narrowing road
1155,Roadwork
1156,Traffic light
1157,Traffic light
1158,Narrowing road
1159,Bike
1160,Take right
1161,Slippery road
1162,120 km/h
1163,70 km/h
1164,Give way
1165,Other dangerous
1166,Only straight
1167,80 km/h
1168,Stop
1169,Main road
1170,100 km/h
1171,No overtaking
1172,80 km/h end
1173,No overtaking for trucks
1174,Take right
1175,Children
1176,Crossroad with secondary way
1177,30 km/h
1178,Take right
1179,100 km/h
1180,Snow
1181,Slippery road
1182,30 km/h
1183,Turn left
1184,Only straight
1185,End of the limits
1186,100 km/h
1187,Turn right
1188,100 km/h
1189,Give way
1190,Only straight
1191,No overtaking
1192,80 km/h end
1193,70 km/h
1194,80 km/h end
1195,No overtaking
1196,100 km/h
1197,Hollow road
1198,Main road
1199,Other dangerous
1200,60 km/h
1201,Road up
1202,Road up
1203,30 km/h
1204,Traffic light
1205,Only straight and right
1206,Brock
1207,Only straight and right
1208,Give way
1209,30 km/h
1210,No overtaking for trucks
1211,Give way
1212,60 km/h
1213,Only right
1214,80 km/h end
1215,No overtaking
1216,Bike
1217,100 km/h
1218,80 km/h
1219,Only straight and left
1220,Only right
1221,Other dangerous
1222,Only straight and right
1223,Main road
1224,70 km/h
1225,Slippery road
1226,Only left
1227,No overtaking
1228,Only straight
1229,Take right
1230,Deer
1231,Deer
1232,70 km/h
1233,30 km/h
1234,60 km/h
1235,80 km/h end
1236,Turn right
1237,80 km/h
1238,Roadwork
1239,No overtaking for trucks
1240,80 km/h
1241,100 km/h
1242,70 km/h
1243,Only right
1244,Turn right
1245,Main road
1246,Crossroad with secondary way
1247,No overtaking
1248,80 km/h end
1249,Only straight and right
1250,Hollow road
1251,20 km/h
1252,100 km/h
1253,Snow
1254,Other dangerous
1255,100 km/h
1256,Give way
1257,100 km/h
1258,30 km/h
1259,80 km/h
1260,Stop
1261,Take right
1262,Main road
1263,20 km/h
1264,Slippery road
1265,120 km/h
1266,100 km/h
1267,Slippery road
1268,20 km/h
1269,Stop
1270,Give way
1271,Road up
1272,Road up for truck
1273,30 km/h
1274,100 km/h
1275,Main road
1276,No overtaking for trucks
1277,Give way
1278,Road up for truck
1279,Other dangerous
1280,Brock
1281,Stop
1282,Road up
1283,No overtaking
1284,Brock
1285,80 km/h end
1286,Traffic light
1287,Pedestrian
1288,80 km/h
1289,Main road
1290,Give way
1291,30 km/h
1292,30 km/h
1293,End of overtaking limit for truck
1294,80 km/h
1295,Only left
1296,Circle crossroad
1297,Main road
1298,Main road
1299,No overtaking
1300,Only straight and left
1301,20 km/h
1302,Stop
1303,Take right
1304,Turn right
1305,60 km/h
1306,30 km/h
1307,60 km/h
1308,Road up for truck
1309,Main road
1310,Main road
1311,30 km/h
1312,100 km/h
1313,Only left
1314,Take right
1315,Give way
1316,Take right
1317,No overtaking
1318,100 km/h
1319,Main road
1320,Deer
1321,Give way
1322,Deer
1323,100 km/h
1324,Only straight
1325,No overtaking for trucks
1326,Only straight
1327,Main road
1328,Hollow road
1329,No overtaking
1330,Take right
1331,70 km/h
1332,Pedestrian
1333,Stop
1334,Only straight and right
1335,80 km/h end
1336,Main road
1337,60 km/h
1338,80 km/h end
1339,Stop
1340,Only right
1341,70 km/h
1342,Road up for truck
1343,80 km/h
1344,80 km/h
1345,Take right
1346,Main road
1347,Only straight and right
1348,80 km/h end
1349,100 km/h
1350,Bike
1351,Roadwork
1352,30 km/h
1353,Give way
1354,100 km/h
1355,Only right
1356,Deer
1357,70 km/h
1358,No overtaking
1359,Give way
1360,Brock
1361,Take right
1362,100 km/h
1363,120 km/h
1364,70 km/h
1365,100 km/h
1366,Slippery road
1367,No overtaking for trucks
1368,120 km/h
1369,70 km/h
1370,Crossroad with secondary way
1371,Winding road
1372,100 km/h
1373,No overtaking
1374,Crossroad with secondary way
1375,100 km/h
1376,20 km/h
1377,50 km/h
1378,60 km/h
1379,Circle crossroad
1380,80 km/h end
1381,No overtaking for trucks
1382,Brock
1383,No overtaking
1384,No overtaking
1385,80 km/h
1386,30 km/h
1387,80 km/h
1388,60 km/h
1389,30 km/h
1390,End of the limits
1391,30 km/h
1392,30 km/h
1393,Pedestrian
1394,80 km/h
1395,80 km/h
1396,Narrowing road
1397,Give way
1398,Only right
1399,Take right
1400,Take left
1401,30 km/h
1402,80 km/h
1403,End of the limits
1404,Take right
1405,100 km/h
1406,Main road
1407,Slippery road
1408,80 km/h
1409,End of overtaking limit
1410,100 km/h
1411,Take right
1412,Give way
1413,80 km/h
1414,Brock
1415,Roadwork
1416,70 km/h
1417,Take right
1418,Take left
1419,Take right
1420,60 km/h
1421,Brock
1422,100 km/h
1423,Take right
1424,Brock
1425,60 km/h
1426,70 km/h
1427,Take right
1428,80 km/h
1429,Crossroad with secondary way
1430,60 km/h
1431,Take right
1432,Take right
1433,Take right
1434,80 km/h end
1435,Crossroad with secondary way
1436,70 km/h
1437,Give way
1438,No overtaking
1439,70 km/h
1440,30 km/h
1441,Only straight and left
1442,Roadwork
1443,Main road
1444,Hollow road
1445,80 km/h
1446,Only straight
1447,Pedestrian
1448,Traffic light
1449,80 km/h
1450,100 km/h
1451,Give way
1452,Other dangerous
1453,80 km/h end
1454,Only straight and right
1455,Only straight
1456,Main road
1457,60 km/h
1458,Traffic light
1459,120 km/h
1460,Brock
1461,100 km/h
1462,Take right
1463,Stop
1464,80 km/h end
1465,Main road
1466,Snow
1467,Winding road
1468,Take left
1469,Crossroad with secondary way
1470,Only straight
1471,Deer
1472,100 km/h
1473,Bike
1474,Crossroad with secondary way
1475,Turn right
1476,Deer
1477,Other dangerous
1478,Only straight and right
1479,Main road
1480,60 km/h
1481,70 km/h
1482,80 km/h
1483,Only right
1484,Give way
1485,Crossroad with secondary way
1486,60 km/h
1487,120 km/h
1488,80 km/h
1489,Only left
1490,100 km/h
1491,80 km/h end
1492,Hollow road
1493,No overtaking
1494,Main road
1495,No overtaking
1496,Crossroad with secondary way
1497,Take right
1498,Give way
1499,Main road
1500,Deer
1501,Take left
1502,80 km/h end
1503,100 km/h
1504,60 km/h
1505,No overtaking
1506,Stop
1507,Give way
1508,Only straight
1509,Only straight
1510,No overtaking
1511,Give way
1512,30 km/h
1513,Bike
1514,Only straight
1515,Main road
1516,Give way
1517,Circle crossroad
1518,Children
1519,100 km/h
1520,Only straight and right
1521,Narrowing road
1522,Road up for truck
1523,Brock
1524,100 km/h
1525,30 km/h
1526,80 km/h end
1527,Only straight
1528,60 km/h
1529,No overtaking
1530,Only right
1531,50 km/h
1532,70 km/h
1533,50 km/h
1534,50 km/h
1535,Only straight and right
1536,Stop
1537,No overtaking
1538,120 km/h
1539,100 km/h
1540,No overtaking
1541,Give way
1542,60 km/h
1543,Take right
1544,Crossroad with secondary way
1545,70 km/h
1546,No overtaking
1547,Stop
1548,100 km/h
1549,Main road
1550,Other dangerous
1551,Stop
1552,Slippery road
1553,Only straight
1554,Brock
1555,70 km/h
1556,Brock
1557,Main road
1558,100 km/h
1559,80 km/h
1560,Only right
1561,30 km/h
1562,Road up for truck
1563,60 km/h
1564,Turn left
1565,Winding road
1566,60 km/h
1567,120 km/h
1568,Crossroad with secondary way
1569,100 km/h
1570,80 km/h
1571,60 km/h
1572,Narrowing road
1573,No overtaking
1574,Hollow road
1575,100 km/h
1576,20 km/h
1577,100 km/h
1578,Only straight and right
1579,Only straight and left
1580,100 km/h
1581,100 km/h
1582,Roadwork
1583,70 km/h
1584,60 km/h
1585,100 km/h
1586,60 km/h
1587,Take right
1588,100 km/h
1589,Roadwork
1590,100 km/h
1591,100 km/h
1592,30 km/h
1593,Roadwork
1594,Take right
1595,80 km/h
1596,Give way
1597,Slippery road
1598,120 km/h
1599,Brock
1600,50 km/h
1601,Circle crossroad
1602,Other dangerous
1603,Road up
1604,30 km/h
1605,60 km/h
1606,Give way
1607,100 km/h
1608,100 km/h
1609,100 km/h
1610,120 km/h
1611,Only left
1612,Roadwork
1613,30 km/h
1614,Crossroad with secondary way
1615,Only straight
1616,Main road
1617,Road up
1618,100 km/h
1619,Only straight
1620,80 km/h end
1621,100 km/h
1622,100 km/h
1623,Road up
1624,Give way
1625,80 km/h end
1626,No overtaking for trucks
1627,Only right
1628,Crossroad with secondary way
1629,Circle crossroad
1630,Only right
1631,100 km/h
1632,Take right
1633,50 km/h
1634,Take right
1635,Take right
1636,Take right
1637,80 km/h end
1638,Take right
1639,80 km/h
1640,Stop
1641,Crossroad with secondary way
1642,70 km/h
1643,Main road
1644,Crossroad with secondary way
1645,Hollow road
1646,Main road
1647,80 km/h end
1648,70 km/h
1649,Crossroad with secondary way
1650,Roadwork
1651,120 km/h
1652,80 km/h end
1653,60 km/h
1654,Crossroad with secondary way
1655,100 km/h
1656,Narrowing road
1657,Road up for truck
1658,Give way
1659,No overtaking
1660,End of the limits
1661,Slippery road
1662,Narrowing road
1663,Take left
1664,Road up for truck
1665,Children
1666,Crossroad with secondary way
1667,80 km/h
1668,Only right
1669,End of overtaking limit
1670,Brock
1671,Road up for truck
1672,Crossroad with secondary way
1673,Only right
1674,Take right
1675,Deer
1676,Only right
1677,80 km/h
1678,Take right
1679,50 km/h
1680,Stop
1681,100 km/h
1682,Roadwork
1683,Only straight
1684,120 km/h
1685,Roadwork
1686,100 km/h
1687,Stop
1688,Slippery road
1689,Take right
1690,60 km/h
1691,Other dangerous
1692,Crossroad with secondary way
1693,50 km/h
1694,30 km/h
1695,Stop
1696,Slippery road
1697,50 km/h
1698,80 km/h
1699,20 km/h
1700,Bike
1701,Main road
1702,Bike
1703,Other dangerous
1704,80 km/h end
1705,Hollow road
1706,Road up for truck
1707,120 km/h
1708,No overtaking
1709,Traffic light
1710,Take right
1711,No overtaking
1712,Brock
1713,Slippery road
1714,100 km/h
1715,Narrowing road
1716,80 km/h
1717,Take right
1718,30 km/h
1719,Main road
1720,Brock
1721,Only straight
1722,Brock
1723,Take right
1724,Give way
1725,Take right
1726,Turn right
1727,30 km/h
1728,Main road
1729,Give way
1730,Crossroad with secondary way
1731,30 km/h
1732,Snow
1733,Brock
1734,Other dangerous
1735,No overtaking for trucks
1736,Give way
1737,Take right
1738,Roadwork
1739,No overtaking for trucks
1740,Main road
1741,Main road
1742,Road up
1743,Crossroad with secondary way
1744,30 km/h
1745,Give way
1746,Give way
1747,Main road
1748,No overtaking
1749,Deer
1750,Take right
1751,Children
1752,100 km/h
1753,Give way
1754,Roadwork
1755,No overtaking for trucks
1756,Roadwork
1757,20 km/h
1758,Narrowing road
1759,Circle crossroad
1760,60 km/h
1761,Give way
1762,60 km/h
1763,100 km/h
1764,70 km/h
1765,Main road
1766,Only left
1767,Traffic light
1768,Brock
1769,Give way
1770,100 km/h
1771,Turn left
1772,Snow
1773,Main road
1774,Main road
1775,80 km/h
1776,Stop
1777,80 km/h
1778,70 km/h
1779,Other dangerous
1780,70 km/h
1781,No overtaking
1782,Only straight
1783,70 km/h
1784,50 km/h
1785,100 km/h
1786,100 km/h
1787,Give way
1788,Main road
1789,Turn right
1790,No overtaking for trucks
1791,No overtaking for trucks
1792,Winding road
1793,No overtaking
1794,80 km/h
1795,80 km/h end
1796,60 km/h
1797,No overtaking
1798,70 km/h
1799,80 km/h
1800,Snow
1801,Crossroad with secondary way
1802,70 km/h
1803,Only straight
1804,Take left
1805,70 km/h
1806,Children
1807,Roadwork
1808,No overtaking
1809,Stop
1810,Only left
1811,100 km/h
1812,Traffic light
1813,Only straight
1814,100 km/h
1815,80 km/h
1816,80 km/h
1817,Main road
1818,Take right
1819,Only right
1820,80 km/h
1821,70 km/h
1822,Other dangerous
1823,Road up for truck
1824,Road up
1825,70 km/h
1826,120 km/h
1827,No overtaking
1828,100 km/h
1829,Take right
1830,Give way
1831,60 km/h
1832,Road up
1833,80 km/h
1834,100 km/h
1835,Snow
1836,70 km/h
1837,Deer
1838,Traffic light
1839,Stop
1840,Bike
1841,Stop
1842,Give way
1843,Traffic light
1844,End of overtaking limit
1845,Only straight
1846,Main road
1847,Circle crossroad
1848,Roadwork
1849,Take left
1850,Take right
1851,Other dangerous
1852,Roadwork
1853,Take right
1854,Snow
1855,Give way
1856,80 km/h end
1857,80 km/h
1858,60 km/h
1859,Crossroad with secondary way
1860,50 km/h
1861,Slippery road
1862,Give way
1863,Brock
1864,Other dangerous
1865,Only straight
1866,100 km/h
1867,Slippery road
1868,Take right
1869,100 km/h
1870,60 km/h
1871,100 km/h
1872,Other dangerous
1873,Main road
1874,No overtaking
1875,Take right
1876,Take right
1877,100 km/h
1878,Traffic light
1879,100 km/h
1880,20 km/h
1881,Stop
1882,60 km/h
1883,Only left
1884,Main road
1885,70 km/h
1886,80 km/h
1887,Other dangerous
1888,No overtaking for trucks
1889,Children
1890,Turn left
1891,No overtaking
1892,Take right
1893,Circle crossroad
1894,Slippery road
1895,Take right
1896,Snow
1897,Slippery road
1898,Main road
1899,Give way
1900,No overtaking for trucks
1901,80 km/h
1902,60 km/h
1903,80 km/h
1904,Circle crossroad
1905,Only straight
1906,80 km/h end
1907,60 km/h
1908,100 km/h
1909,70 km/h
1910,No overtaking for trucks
1911,30 km/h
1912,Traffic light
1913,Only straight and left
1914,End of the limits
1915,Take left
1916,Roadwork
1917,50 km/h
1918,Deer
1919,Only straight
1920,No overtaking
1921,Hollow road
1922,No overtaking for trucks
1923,Stop
1924,No overtaking
1925,Take right
1926,80 km/h end
1927,Stop
1928,100 km/h
1929,100 km/h
1930,Roadwork
1931,50 km/h
1932,80 km/h
1933,No overtaking
1934,100 km/h
1935,No overtaking for trucks
1936,100 km/h
1937,Stop
1938,Crossroad with secondary way
1939,Other dangerous
1940,100 km/h
1941,Main road
1942,Winding road
1943,Turn right
1944,70 km/h
1945,70 km/h
1946,Take left
1947,Only left
1948,Stop
1949,Road up
1950,Take right
1951,Other dangerous
1952,Only right
1953,Give way
1954,Take left
1955,80 km/h
1956,No overtaking
1957,100 km/h
1958,Brock
1959,Brock
1960,End of overtaking limit for truck
1961,120 km/h
1962,Roadwork
1963,80 km/h end
1964,20 km/h
1965,Deer
1966,Crossroad with secondary way
1967,Brock
1968,Slippery road
1969,Bike
1970,Hollow road
1971,Circle crossroad
1972,Take right
1973,Other dangerous
1974,30 km/h
1975,80 km/h end
1976,60 km/h
1977,Only right
1978,100 km/h
1979,Stop
1980,70 km/h
1981,Take right
1982,Only right
1983,Roadwork
1984,Give way
1985,Snow
1986,80 km/h end
1987,Main road
1988,Only straight
1989,Only straight
1990,30 km/h
1991,Brock
1992,80 km/h
1993,No overtaking
1994,120 km/h
1995,Only straight
1996,Snow
1997,100 km/h
1998,Slippery road
1999,Give way
2000,Brock
2001,Other dangerous
2002,100 km/h
2003,Children
2004,Stop
2005,Roadwork
2006,60 km/h
2007,No overtaking
2008,End of overtaking limit for truck
2009,Pedestrian
2010,No overtaking for trucks
2011,End of overtaking limit for truck
2012,80 km/h
2013,30 km/h
2014,30 km/h
2015,Road up
2016,No overtaking
2017,80 km/h
2018,Only straight and right
2019,No overtaking for trucks
2020,Take left
2021,100 km/h
2022,End of overtaking limit
2023,50 km/h
2024,Deer
2025,Deer
2026,Crossroad with secondary way
2027,120 km/h
2028,30 km/h
2029,Give way
2030,Stop
2031,Main road
2032,Brock
2033,End of overtaking limit for truck
2034,70 km/h
2035,50 km/h
2036,Main road
2037,Take right
2038,100 km/h
2039,80 km/h end
2040,Give way
2041,80 km/h
2042,No overtaking for trucks
2043,Other dangerous
2044,100 km/h
2045,No overtaking
2046,Winding road
2047,30 km/h
2048,Stop
2049,No overtaking
2050,Road up for truck
2051,Take right
2052,Take right
2053,60 km/h
2054,Deer
2055,End of overtaking limit
2056,Brock
2057,No overtaking
2058,Slippery road
2059,Only right
2060,Main road
2061,100 km/h
2062,No overtaking for trucks
2063,Main road
2064,Brock
2065,Crossroad with secondary way
2066,100 km/h
2067,60 km/h
2068,Traffic light
2069,Take right
2070,120 km/h
2071,No overtaking for trucks
2072,50 km/h
2073,End of the limits
2074,Take right
2075,Only right
2076,Only left
2077,30 km/h
2078,100 km/h
2079,End of overtaking limit
2080,Crossroad with secondary way
2081,Hollow road
2082,80 km/h end
2083,Only straight
2084,Only right
2085,Road up for truck
2086,Only straight
2087,Road up for truck
2088,No overtaking
2089,Deer
2090,80 km/h
2091,No overtaking
2092,Main road
2093,No overtaking
2094,80 km/h end
2095,No overtaking
2096,30 km/h
2097,60 km/h
2098,60 km/h
2099,Road up for truck
2100,Take left
2101,80 km/h
2102,Road up for truck
2103,80 km/h end
2104,Deer
2105,Other dangerous
2106,Give way
2107,End of the limits
2108,End of overtaking limit for truck
2109,Give way
2110,50 km/h
2111,Other dangerous
2112,80 km/h end
2113,Take right
2114,Turn right
2115,No overtaking
2116,100 km/h
2117,80 km/h
2118,Give way
2119,80 km/h
2120,Brock
2121,60 km/h
2122,30 km/h
2123,60 km/h
2124,No overtaking
2125,Snow
2126,80 km/h
2127,Slippery road
2128,Take right
2129,Only right
2130,Roadwork
2131,Only straight and left
2132,Turn right
2133,50 km/h
2134,Bike
2135,60 km/h
2136,Snow
2137,70 km/h
2138,Crossroad with secondary way
2139,No overtaking
2140,Give way
2141,Traffic light
2142,Only straight
2143,End of overtaking limit for truck
2144,Traffic light
2145,70 km/h
2146,Only straight and right
2147,Only straight and right
2148,Take left
2149,Snow
2150,100 km/h
2151,Only right
2152,80 km/h end
2153,Give way
2154,Slippery road
2155,Crossroad with secondary way
2156,Traffic light
2157,Only left
2158,60 km/h
2159,50 km/h
2160,No overtaking for trucks
2161,Other dangerous
2162,End of the limits
2163,Main road
2164,Turn left
2165,Give way
2166,Deer
2167,50 km/h
2168,Roadwork
2169,Take right
2170,Crossroad with secondary way
2171,100 km/h
2172,30 km/h
2173,80 km/h end
2174,80 km/h end
2175,No overtaking
2176,Narrowing road
2177,120 km/h
2178,Road up
2179,100 km/h
2180,Slippery road
2181,Pedestrian
2182,Deer
2183,30 km/h
2184,50 km/h
2185,Main road
2186,30 km/h
2187,80 km/h
2188,End of overtaking limit for truck
2189,Brock
2190,Hollow road
2191,Main road
2192,30 km/h
2193,Main road
2194,Circle crossroad
2195,100 km/h
2196,Bike
2197,120 km/h
2198,30 km/h
2199,Brock
2200,70 km/h
2201,Take right
2202,Only right
2203,Turn right
2204,Only straight
2205,Give way
2206,Crossroad with secondary way
2207,No overtaking
2208,Main road
2209,Only straight and right
2210,Main road
2211,70 km/h
2212,80 km/h
2213,Pedestrian
2214,60 km/h
2215,Traffic light
2216,60 km/h
2217,70 km/h
2218,Pedestrian
2219,Give way
2220,70 km/h
2221,Give way
2222,Snow
2223,No overtaking
2224,100 km/h
2225,30 km/h
2226,Road up
2227,Roadwork
2228,Stop
2229,Deer
2230,Take right
2231,Main road
2232,Traffic light
2233,100 km/h
2234,Take right
2235,Traffic light
2236,Only straight
2237,Roadwork
2238,100 km/h
2239,70 km/h
2240,100 km/h
2241,30 km/h
2242,80 km/h
2243,50 km/h
2244,Crossroad with secondary way
2245,Give way
2246,100 km/h
2247,Take right
2248,Stop
2249,60 km/h
2250,70 km/h
2251,Crossroad with secondary way
2252,30 km/h
2253,Deer
2254,80 km/h end
2255,80 km/h
2256,100 km/h
2257,Crossroad with secondary way
2258,End of the limits
2259,Stop
2260,80 km/h
2261,Only straight
2262,End of the limits
2263,80 km/h end
2264,50 km/h
2265,Narrowing road
2266,No overtaking for trucks
2267,80 km/h
2268,Only straight and right
2269,End of the limits
2270,100 km/h
2271,Brock
2272,End of overtaking limit for truck
2273,Other dangerous
2274,100 km/h
2275,Traffic light
2276,30 km/h
2277,Brock
2278,20 km/h
2279,Brock
2280,80 km/h end
2281,100 km/h
2282,Take right
2283,80 km/h
2284,Take right
2285,50 km/h
2286,60 km/h
2287,60 km/h
2288,Hollow road
2289,Bike
2290,No overtaking
2291,Only straight and left
2292,Only right
2293,End of overtaking limit for truck
2294,Hollow road
2295,Take right
2296,Main road
2297,End of overtaking limit for truck
2298,Only straight
2299,No overtaking
2300,30 km/h
2301,Take right
2302,Crossroad with secondary way
2303,30 km/h
2304,Give way
2305,Slippery road
2306,Crossroad with secondary way
2307,Take right
2308,Deer
2309,Stop
2310,100 km/h
2311,70 km/h
2312,80 km/h
2313,30 km/h
2314,Slippery road
2315,Stop
2316,Stop
2317,80 km/h
2318,Children
2319,Turn right
2320,Turn right
2321,Circle crossroad
2322,100 km/h
2323,Take right
2324,60 km/h
2325,100 km/h
2326,Take right
2327,Traffic light
2328,80 km/h end
2329,Traffic light
2330,Take right
2331,Crossroad with secondary way
2332,Snow
2333,80 km/h
2334,Brock
2335,Only straight
2336,Take right
2337,70 km/h
2338,70 km/h
2339,Take right
2340,End of overtaking limit for truck
2341,No overtaking
2342,Brock
2343,No overtaking for trucks
2344,Bike
2345,Main road
2346,100 km/h
2347,Deer
2348,Take right
2349,Other dangerous
2350,No overtaking
2351,100 km/h
2352,60 km/h
2353,Take right
2354,Roadwork
2355,Only straight and left
2356,End of the limits
2357,80 km/h
2358,Road up
2359,Other dangerous
2360,80 km/h
2361,Give way
2362,Stop
2363,Only left
2364,30 km/h
2365,100 km/h
2366,No overtaking
2367,Brock
2368,Give way
2369,Turn right
2370,No overtaking for trucks
2371,Road up for truck
2372,Only straight and left
2373,Road up
2374,Traffic light
2375,Roadwork
2376,Only straight
2377,Children
2378,No overtaking
2379,80 km/h
2380,30 km/h
2381,Give way
2382,60 km/h
2383,30 km/h
2384,Roadwork
2385,Only straight and left
2386,Road up
2387,Main road
2388,Road up
2389,Deer
2390,Crossroad with secondary way
2391,100 km/h
2392,Only straight
2393,Turn right
2394,Deer
2395,End of overtaking limit
2396,Give way
2397,Turn right
2398,100 km/h
2399,60 km/h
2400,Crossroad with secondary way
2401,Deer
2402,Stop
2403,80 km/h end
2404,Only straight
2405,Brock
2406,30 km/h
2407,Roadwork
2408,Take right
2409,70 km/h
2410,End of the limits
2411,80 km/h end
2412,Circle crossroad
2413,Main road
2414,100 km/h
2415,100 km/h
2416,80 km/h end
2417,End of overtaking limit
2418,80 km/h end
2419,Other dangerous
2420,Crossroad with secondary way
2421,Only right
2422,Take right
2423,Give way
2424,Crossroad with secondary way
2425,Brock
2426,70 km/h
2427,Give way
2428,50 km/h
2429,100 km/h
2430,Give way
2431,60 km/h
2432,Turn left
2433,No overtaking for trucks
2434,120 km/h
2435,100 km/h
2436,80 km/h end
2437,Only straight
2438,Deer
2439,Other dangerous
2440,End of overtaking limit for truck
2441,80 km/h
2442,Only left
2443,Take right
2444,60 km/h
2445,Road up for truck
2446,100 km/h
2447,100 km/h
2448,Stop
2449,Give way
2450,60 km/h
2451,70 km/h
2452,Crossroad with secondary way
2453,Roadwork
2454,100 km/h
2455,100 km/h
2456,Circle crossroad
2457,Give way
2458,70 km/h
2459,Other dangerous
2460,No overtaking
2461,Hollow road
2462,Roadwork
2463,No overtaking
2464,Brock
2465,Only straight and right
2466,30 km/h
2467,Main road
2468,120 km/h
2469,Take right
2470,70 km/h
2471,Circle crossroad
2472,Stop
2473,No overtaking
2474,80 km/h
2475,80 km/h end
2476,Take right
2477,80 km/h
2478,Stop
2479,60 km/h
2480,80 km/h end
2481,Only straight
2482,Road up
2483,80 km/h
2484,100 km/h
2485,70 km/h
2486,No overtaking
2487,50 km/h
2488,Brock
2489,100 km/h
2490,Turn right
2491,No overtaking
2492,Give way
2493,Other dangerous
2494,Main road
2495,Narrowing road
2496,100 km/h
2497,60 km/h
2498,100 km/h
2499,70 km/h
2500,120 km/h
2501,Bike
2502,Turn left
2503,End of overtaking limit
2504,Give way
2505,60 km/h
2506,End of the limits
2507,60 km/h
2508,60 km/h
2509,80 km/h
2510,80 km/h end
2511,100 km/h
2512,Give way
2513,50 km/h
2514,Other dangerous
2515,Pedestrian
2516,Only left
2517,Other dangerous
2518,60 km/h
2519,30 km/h
2520,60 km/h
2521,No overtaking
2522,70 km/h
2523,50 km/h
2524,Main road
2525,80 km/h
2526,100 km/h
2527,60 km/h
2528,100 km/h
2529,Road up
2530,60 km/h
2531,120 km/h
2532,Deer
2533,Take right
2534,30 km/h
2535,100 km/h
2536,80 km/h end
2537,Give way
2538,No overtaking for trucks
2539,No overtaking
2540,Children
2541,Brock
2542,Main road
2543,Turn left
2544,30 km/h
2545,120 km/h
2546,Roadwork
2547,80 km/h
2548,Only straight and left
2549,Snow
2550,60 km/h
2551,100 km/h
2552,Only straight
2553,Other dangerous
2554,30 km/h
2555,60 km/h
2556,80 km/h end
2557,Main road
2558,Take right
2559,Circle crossroad
2560,Take right
2561,Deer
2562,Stop
2563,Only left
2564,30 km/h
2565,30 km/h
2566,Give way
2567,Turn right
2568,Take right
2569,80 km/h
2570,Roadwork
2571,No overtaking
2572,Other dangerous
2573,No overtaking
2574,60 km/h
2575,Winding road
2576,100 km/h
2577,30 km/h
2578,Crossroad with secondary way
2579,Roadwork
2580,Slippery road
2581,Snow
2582,No overtaking for trucks
2583,100 km/h
2584,Snow
2585,Turn left
2586,Give way
2587,Winding road
2588,Stop
2589,Main road
2590,Bike
2591,Take right
2592,Stop
2593,30 km/h
2594,Brock
2595,60 km/h
2596,Give way
2597,No overtaking
2598,No overtaking
2599,100 km/h
2600,No overtaking for trucks
2601,Only right
2602,Deer
2603,Stop
2604,100 km/h
2605,Main road
2606,80 km/h end
2607,No overtaking
2608,80 km/h
2609,No overtaking
2610,Other dangerous
2611,80 km/h
2612,100 km/h
2613,30 km/h
2614,No overtaking for trucks
2615,100 km/h
2616,Give way
2617,Road up
2618,Stop
2619,Other dangerous
2620,Road up for truck
2621,60 km/h
2622,Only right
2623,Give way
2624,80 km/h end
2625,No overtaking
2626,100 km/h
2627,30 km/h
2628,Roadwork
2629,Brock
2630,Slippery road
2631,80 km/h
2632,Give way
2633,Take right
2634,Crossroad with secondary way
2635,Brock
2636,Other dangerous
2637,60 km/h
2638,Crossroad with secondary way
2639,Deer
2640,Slippery road
2641,70 km/h
2642,60 km/h
2643,Give way
2644,Only straight
2645,80 km/h
2646,Crossroad with secondary way
2647,80 km/h
2648,Crossroad with secondary way
2649,Brock
2650,Road up
2651,No overtaking
2652,Only straight
2653,Brock
2654,60 km/h
2655,100 km/h
2656,Main road
2657,Slippery road
2658,70 km/h
2659,80 km/h
2660,Snow
2661,100 km/h
2662,Main road
2663,Take right
2664,100 km/h
2665,Give way
2666,Road up for truck
2667,Slippery road
2668,100 km/h
2669,80 km/h
2670,Main road
2671,Main road
2672,100 km/h
2673,100 km/h
2674,Crossroad with secondary way
2675,Only straight
2676,30 km/h
2677,100 km/h
2678,No overtaking
2679,70 km/h
2680,Crossroad with secondary way
2681,Give way
2682,80 km/h
2683,Turn right
2684,Road up for truck
2685,80 km/h
2686,Give way
2687,80 km/h end
2688,Other dangerous
2689,Turn right
2690,Snow
2691,No overtaking
2692,60 km/h
2693,80 km/h
2694,Main road
2695,100 km/h
2696,100 km/h
2697,100 km/h
2698,No overtaking
2699,50 km/h
2700,80 km/h
2701,100 km/h
2702,70 km/h
2703,Give way
2704,Give way
2705,Deer
2706,Roadwork
2707,Main road
2708,70 km/h
2709,Take right
2710,Road up
2711,Only straight and left
2712,100 km/h
2713,No overtaking
2714,Deer
2715,End of overtaking limit
2716,70 km/h
2717,100 km/h
2718,70 km/h
2719,Only straight
2720,60 km/h
2721,End of overtaking limit for truck
2722,Take right
2723,Roadwork
2724,No overtaking
2725,Take right
2726,Only right
2727,Stop
2728,100 km/h
2729,Take right
2730,80 km/h
2731,80 km/h
2732,Brock
2733,Circle crossroad
2734,Narrowing road
2735,No overtaking
2736,100 km/h
2737,Only straight
2738,Main road
2739,Give way
2740,30 km/h
2741,Slippery road
2742,Stop
2743,120 km/h
2744,End of the limits
2745,70 km/h
2746,Brock
2747,60 km/h
2748,Main road
2749,Only straight and left
2750,End of overtaking limit for truck
2751,Crossroad with secondary way
2752,No overtaking
2753,70 km/h
2754,70 km/h
2755,End of overtaking limit for truck
2756,Give way
2757,80 km/h end
2758,100 km/h
2759,80 km/h end
2760,Narrowing road
2761,Crossroad with secondary way
2762,Main road
2763,Road up
2764,60 km/h
2765,End of overtaking limit
2766,60 km/h
2767,Give way
2768,120 km/h
2769,Brock
2770,60 km/h
2771,Circle crossroad
2772,No overtaking
2773,100 km/h
2774,Take right
2775,60 km/h
2776,Slippery road
2777,30 km/h
2778,70 km/h
2779,Narrowing road
2780,Deer
2781,120 km/h
2782,Brock
2783,70 km/h
2784,100 km/h
2785,120 km/h
2786,100 km/h
2787,80 km/h
2788,Only straight and right
2789,Roadwork
2790,70 km/h
2791,Main road
2792,Give way
2793,No overtaking for trucks
2794,60 km/h
2795,Give way
2796,Take right
2797,70 km/h
2798,Only straight
2799,60 km/h
2800,Brock
2801,30 km/h
2802,No overtaking
2803,80 km/h end
2804,Road up for truck
2805,Take right
2806,80 km/h
2807,80 km/h end
2808,80 km/h end
2809,Take right
2810,60 km/h
2811,120 km/h
2812,80 km/h end
2813,80 km/h
2814,Take left
2815,No overtaking
2816,Give way
2817,Only straight
2818,End of overtaking limit for truck
2819,Slippery road
2820,Main road
2821,Deer
2822,100 km/h
2823,No overtaking
2824,Only straight
2825,Deer
2826,50 km/h
2827,60 km/h
2828,Slippery road
2829,Crossroad with secondary way
2830,No overtaking
2831,100 km/h
2832,Roadwork
2833,Give way
2834,80 km/h
2835,70 km/h
2836,Turn left
2837,Deer
2838,80 km/h
2839,Only straight
2840,Only straight and left
2841,100 km/h
2842,Give way
2843,Other dangerous
2844,80 km/h
2845,60 km/h
2846,Narrowing road
2847,60 km/h
2848,20 km/h
2849,Take right
2850,30 km/h
2851,60 km/h
2852,Slippery road
2853,End of overtaking limit for truck
2854,80 km/h
2855,100 km/h
2856,Give way
2857,Crossroad with secondary way
2858,100 km/h
2859,Take right
2860,Roadwork
2861,Brock
2862,50 km/h
2863,120 km/h
2864,Only straight and right
2865,70 km/h
2866,Roadwork
2867,80 km/h
2868,Give way
2869,Crossroad with secondary way
2870,Slippery road
2871,100 km/h
2872,No overtaking
2873,100 km/h
2874,30 km/h
2875,80 km/h
2876,Turn right
2877,70 km/h
2878,Road up for truck
2879,30 km/h
2880,Give way
2881,Main road
2882,Crossroad with secondary way
2883,Give way
2884,Give way
2885,Hollow road
2886,Main road
2887,80 km/h
2888,Narrowing road
2889,Road up for truck
2890,100 km/h
2891,70 km/h
2892,No overtaking for trucks
2893,No overtaking
2894,Give way
2895,No overtaking for trucks
2896,80 km/h end
2897,Crossroad with secondary way
2898,Only right
2899,Deer
2900,80 km/h end
2901,No overtaking
2902,Deer
2903,Crossroad with secondary way
2904,100 km/h
2905,Take right
2906,80 km/h
2907,No overtaking for trucks
2908,Brock
2909,80 km/h
2910,Other dangerous
2911,80 km/h end
2912,Circle crossroad
2913,100 km/h
2914,80 km/h end
2915,Give way
2916,End of overtaking limit for truck
2917,30 km/h
2918,Road up for truck
2919,No overtaking
2920,70 km/h
2921,100 km/h
2922,Slippery road
2923,80 km/h
2924,120 km/h
2925,Circle crossroad
2926,End of overtaking limit
2927,Slippery road
2928,80 km/h
2929,Take right
2930,No overtaking for trucks
2931,100 km/h
2932,Crossroad with secondary way
2933,Give way
2934,Stop
2935,Turn right
2936,Brock
2937,30 km/h
2938,70 km/h
2939,80 km/h
2940,20 km/h
2941,Children
2942,Traffic light
2943,100 km/h
2944,Take right
2945,Other dangerous
2946,70 km/h
2947,Crossroad with secondary way
2948,Give way
2949,Brock
2950,Roadwork
2951,Take left
2952,Main road
2953,Other dangerous
2954,80 km/h
2955,Only straight
2956,60 km/h
2957,50 km/h
2958,Turn left
2959,80 km/h
2960,Give way
2961,70 km/h
2962,Crossroad with secondary way
2963,No overtaking
2964,Only left
2965,Only right
2966,No overtaking
2967,Give way
2968,Give way
2969,80 km/h end
2970,Turn right
2971,No overtaking
2972,100 km/h
2973,100 km/h
2974,No overtaking for trucks
2975,No overtaking
2976,Turn right
2977,Road up for truck
2978,30 km/h
2979,Slippery road
2980,Only straight and right
2981,Take left
2982,80 km/h end
2983,Give way
2984,100 km/h
2985,No overtaking
2986,No overtaking for trucks
2987,Roadwork
2988,End of the limits
2989,Road up for truck
2990,Slippery road
2991,Take right
2992,Snow
2993,Roadwork
2994,100 km/h
2995,80 km/h end
2996,Only right
2997,70 km/h
2998,Give way
2999,100 km/h
3000,100 km/h
3001,100 km/h
3002,80 km/h
3003,Give way
3004,80 km/h
3005,Road up for truck
3006,50 km/h
3007,Turn left
3008,60 km/h
3009,Take right
3010,30 km/h
3011,80 km/h
3012,80 km/h end
3013,Crossroad with secondary way
3014,Roadwork
3015,Roadwork
3016,80 km/h
3017,Give way
3018,Other dangerous
3019,No overtaking for trucks
3020,Only straight and left
3021,Traffic light
3022,Give way
3023,Take left
3024,80 km/h
3025,70 km/h
3026,120 km/h
3027,80 km/h
3028,End of overtaking limit for truck
3029,Give way
3030,Stop
3031,70 km/h
3032,80 km/h
3033,60 km/h
3034,80 km/h
3035,End of overtaking limit for truck
3036,20 km/h
3037,50 km/h
3038,No overtaking
3039,80 km/h end
3040,80 km/h
3041,70 km/h
3042,60 km/h
3043,80 km/h end
3044,60 km/h
3045,Main road
3046,End of the limits
3047,No overtaking
3048,No overtaking
3049,Only straight
3050,Road up
3051,80 km/h
3052,Deer
3053,No overtaking
3054,No overtaking
3055,No overtaking for trucks
3056,Only straight and right
3057,60 km/h
3058,Take right
3059,Give way
3060,Brock
3061,Take left
3062,60 km/h
3063,100 km/h
3064,Stop
3065,No overtaking for trucks
3066,70 km/h
3067,Only right
3068,End of the limits
3069,30 km/h
3070,Narrowing road
3071,No overtaking
3072,Give way
3073,Main road
3074,Crossroad with secondary way
3075,70 km/h
3076,30 km/h
3077,60 km/h
3078,Give way
3079,Give way
3080,Crossroad with secondary way
3081,70 km/h
3082,Roadwork
3083,Traffic light
3084,Crossroad with secondary way
3085,Traffic light
3086,120 km/h
3087,Main road
3088,60 km/h
3089,No overtaking
3090,Slippery road
3091,Brock
3092,60 km/h
3093,Take right
3094,Roadwork
3095,Only left
3096,No overtaking
3097,Snow
3098,Only straight and right
3099,Slippery road
3100,Winding road
3101,Roadwork
3102,70 km/h
3103,Only straight
3104,Give way
3105,Winding road
3106,Only straight and left
3107,80 km/h end
3108,70 km/h
3109,80 km/h
3110,30 km/h
3111,Only right
3112,Take right
3113,End of the limits
3114,Take right
3115,Only straight
3116,Slippery road
3117,Children
3118,No overtaking for trucks
3119,Brock
3120,End of overtaking limit
3121,No overtaking
3122,100 km/h
3123,Stop
3124,Take right
3125,Give way
3126,30 km/h
3127,Children
3128,Take right
3129,Crossroad with secondary way
3130,End of overtaking limit
3131,Turn right
3132,Crossroad with secondary way
3133,Pedestrian
3134,Slippery road
3135,Other dangerous
3136,30 km/h
3137,100 km/h
3138,Stop
3139,20 km/h
3140,Only right
3141,30 km/h
3142,80 km/h
3143,60 km/h
3144,Only straight
3145,End of the limits
3146,Give way
3147,70 km/h
3148,Roadwork
3149,80 km/h
3150,Crossroad with secondary way
3151,70 km/h
3152,80 km/h
3153,Main road
3154,Crossroad with secondary way
3155,60 km/h
3156,Only straight
3157,Slippery road
3158,70 km/h
3159,End of the limits
3160,Only straight
3161,No overtaking
3162,Other dangerous
3163,Slippery road
3164,Slippery road
3165,Only right
3166,Give way
3167,120 km/h
3168,No overtaking
3169,No overtaking
3170,30 km/h
3171,100 km/h
3172,Only straight
3173,70 km/h
3174,Circle crossroad
3175,Road up
3176,Brock
3177,100 km/h
3178,Circle crossroad
3179,Give way
3180,Give way
3181,80 km/h
3182,End of overtaking limit for truck
3183,Circle crossroad
3184,70 km/h
3185,30 km/h
3186,Crossroad with secondary way
3187,Give way
3188,No overtaking
3189,30 km/h
3190,60 km/h
3191,120 km/h
3192,Roadwork
3193,Deer
3194,70 km/h
3195,80 km/h end
3196,100 km/h
3197,Turn right
3198,100 km/h
3199,Children
3200,Main road
3201,100 km/h
3202,Only straight
3203,Take right
3204,Only left
3205,Give way
3206,Road up
3207,70 km/h
3208,Road up for truck
3209,Brock
3210,Brock
3211,Give way
3212,100 km/h
3213,Only right
3214,Only straight
3215,End of overtaking limit
3216,Road up for truck
3217,Give way
3218,Bike
3219,Main road
3220,Deer
3221,70 km/h
3222,No overtaking
3223,Other dangerous
3224,No overtaking
3225,Give way
3226,Roadwork
3227,Deer
3228,Pedestrian
3229,100 km/h
3230,100 km/h
3231,30 km/h
3232,No overtaking
3233,End of overtaking limit for truck
3234,Turn right
3235,No overtaking
3236,100 km/h
3237,Main road
3238,100 km/h
3239,Slippery road
3240,30 km/h
3241,Main road
3242,Take right
3243,Take left
3244,No overtaking
3245,End of overtaking limit
3246,Bike
3247,Stop
3248,Take right
3249,Only right
3250,Roadwork
3251,100 km/h
3252,End of overtaking limit for truck
3253,Give way
3254,Give way
3255,80 km/h end
3256,80 km/h
3257,Take right
3258,Only straight
3259,Take right
3260,Only left
3261,Take left
3262,80 km/h end
3263,Deer
3264,Deer
3265,80 km/h
3266,60 km/h
3267,100 km/h
3268,120 km/h
3269,100 km/h
3270,100 km/h
3271,120 km/h
3272,60 km/h
3273,Deer
3274,Bike
3275,80 km/h end
3276,60 km/h
3277,Slippery road
3278,Take left
3279,70 km/h
3280,100 km/h
3281,Main road
3282,70 km/h
3283,Roadwork
3284,70 km/h
3285,70 km/h
3286,Snow
3287,80 km/h
3288,Give way
3289,80 km/h end
3290,100 km/h
3291,50 km/h
3292,Deer
3293,Stop
3294,Other dangerous
3295,Roadwork
3296,Only straight and right
3297,Take left
3298,No overtaking
3299,Main road
3300,Main road
3301,Snow
3302,30 km/h
3303,Brock
3304,80 km/h
3305,Roadwork
3306,Take right
3307,Deer
3308,Brock
3309,30 km/h
3310,Hollow road
3311,Deer
3312,No overtaking
3313,30 km/h
3314,Other dangerous
3315,End of overtaking limit for truck
3316,Slippery road
3317,Main road
3318,Hollow road
3319,120 km/h
3320,Main road
3321,No overtaking
3322,Main road
3323,80 km/h
3324,100 km/h
3325,Only right
3326,Main road
3327,100 km/h
3328,100 km/h
3329,No overtaking for trucks
3330,Only right
3331,No overtaking
3332,Give way
3333,Narrowing road
3334,100 km/h
3335,60 km/h
3336,Only straight
3337,Roadwork
3338,Give way
3339,60 km/h
3340,Other dangerous
3341,30 km/h
3342,Road up
3343,No overtaking
3344,Give way
3345,Narrowing road
3346,Main road
3347,100 km/h
3348,50 km/h
3349,Turn left
3350,30 km/h
3351,70 km/h
3352,Roadwork
3353,Deer
3354,Take left
3355,Traffic light
3356,Turn right
3357,Give way
3358,Turn right
3359,60 km/h
3360,Slippery road
3361,Roadwork
3362,Only straight
3363,No overtaking
3364,No overtaking
3365,Bike
3366,Bike
3367,100 km/h
3368,Roadwork
3369,Take right
3370,20 km/h
3371,Road up
3372,80 km/h
3373,Main road
3374,No overtaking
3375,60 km/h
3376,Roadwork
3377,Other dangerous
3378,Slippery road
3379,Circle crossroad
3380,Give way
3381,70 km/h
3382,Roadwork
3383,Traffic light
3384,Take right
3385,100 km/h
3386,No overtaking
3387,100 km/h
3388,70 km/h
3389,100 km/h
3390,70 km/h
3391,80 km/h
3392,Only left
3393,Circle crossroad
3394,Only left
3395,120 km/h
3396,50 km/h
3397,100 km/h
3398,50 km/h
3399,Take right
3400,20 km/h
3401,Slippery road
3402,Road up
3403,Only straight and left
3404,Take right
3405,Only straight
3406,100 km/h
3407,70 km/h
3408,Take right
3409,60 km/h
3410,20 km/h
3411,Traffic light
3412,Other dangerous
3413,Roadwork
3414,100 km/h
3415,Turn right
3416,Slippery road
3417,Children
3418,Give way
3419,Roadwork
3420,60 km/h
3421,Only straight
3422,30 km/h
3423,No overtaking
3424,70 km/h
3425,Take right
3426,No overtaking
3427,Road up
3428,30 km/h
3429,Children
3430,80 km/h
3431,30 km/h
3432,Take left
3433,80 km/h end
3434,Only straight
3435,Crossroad with secondary way
3436,60 km/h
3437,70 km/h
3438,Slippery road
3439,100 km/h
3440,Crossroad with secondary way
3441,80 km/h
3442,80 km/h
3443,Slippery road
3444,Only straight
3445,Crossroad with secondary way
3446,50 km/h
3447,70 km/h
3448,100 km/h
3449,80 km/h
3450,Give way
3451,Main road
3452,Turn right
3453,60 km/h
3454,Take right
3455,80 km/h end
3456,50 km/h
3457,Traffic light
3458,Main road
3459,80 km/h
3460,Slippery road
3461,80 km/h
3462,Stop
3463,70 km/h
3464,Give way
3465,Give way
3466,Take right
3467,Bike
3468,Brock
3469,70 km/h
3470,Slippery road
3471,No overtaking
3472,End of overtaking limit
3473,End of overtaking limit for truck
3474,Main road
3475,Brock
3476,Traffic light
3477,Only straight and left
3478,No overtaking
3479,End of overtaking limit for truck
3480,50 km/h
3481,80 km/h
3482,Only straight
3483,Only straight and right
3484,End of overtaking limit for truck
3485,30 km/h
3486,No overtaking
3487,Children
3488,No overtaking
3489,100 km/h
3490,Give way
3491,80 km/h
3492,Give way
3493,60 km/h
3494,Winding road
3495,No overtaking
3496,70 km/h
3497,Only straight
3498,50 km/h
3499,80 km/h end
3500,Only right
3501,Give way
3502,100 km/h
3503,120 km/h
3504,30 km/h
3505,Stop
3506,50 km/h
3507,Hollow road
3508,Only right
3509,Turn left
3510,60 km/h
3511,Other dangerous
3512,100 km/h
3513,100 km/h
3514,Roadwork
3515,Give way
3516,Other dangerous
3517,Give way
3518,No overtaking
3519,70 km/h
3520,Give way
3521,Take right
3522,Roadwork
3523,End of overtaking limit for truck
3524,Snow
3525,Road up
3526,Traffic light
3527,End of overtaking limit
3528,80 km/h
3529,50 km/h
3530,Crossroad with secondary way
3531,Take right
3532,30 km/h
3533,Narrowing road
3534,Main road
3535,70 km/h
3536,Give way
3537,Stop
3538,Only left
3539,70 km/h
3540,Road up for truck
3541,Slippery road
3542,Crossroad with secondary way
3543,Circle crossroad
3544,Main road
3545,80 km/h
3546,80 km/h
3547,No overtaking for trucks
3548,100 km/h
3549,Main road
3550,Only straight
3551,Other dangerous
3552,No overtaking
3553,Slippery road
3554,Brock
3555,Brock
3556,Other dangerous
3557,Take right
3558,120 km/h
3559,No overtaking
3560,70 km/h
3561,Main road
3562,80 km/h
3563,Snow
3564,100 km/h
3565,End of overtaking limit for truck
3566,Take right
3567,80 km/h
3568,80 km/h end
3569,Other dangerous
3570,Roadwork
3571,No overtaking
3572,No overtaking
3573,Give way
3574,Roadwork
3575,Road up for truck
3576,Give way
3577,80 km/h
3578,70 km/h
3579,Hollow road
3580,100 km/h
3581,100 km/h
3582,50 km/h
3583,Turn left
3584,No overtaking
3585,No overtaking
3586,Deer
3587,Only straight
3588,Crossroad with secondary way
3589,Narrowing road
3590,Snow
3591,Take right
3592,No overtaking for trucks
3593,Main road
3594,Main road
3595,80 km/h end
3596,60 km/h
3597,Roadwork
3598,100 km/h
3599,Give way
3600,Road up
3601,70 km/h
3602,No overtaking
3603,Circle crossroad
3604,100 km/h
3605,Deer
3606,Roadwork
3607,Crossroad with secondary way
3608,Road up
3609,Stop
3610,No overtaking
3611,Deer
3612,Only straight
3613,70 km/h
3614,30 km/h
3615,Main road
3616,Only straight
3617,No overtaking
3618,End of the limits
3619,Brock
3620,End of the limits
3621,120 km/h
3622,Turn right
3623,80 km/h
3624,Only straight and right
3625,120 km/h
3626,Road up
3627,No overtaking
3628,Roadwork
3629,Take right
3630,Roadwork
3631,Roadwork
3632,80 km/h
3633,60 km/h
3634,60 km/h
3635,Only straight and left
3636,Main road
3637,Turn right
3638,Give way
3639,Give way
3640,Children
3641,Give way
3642,80 km/h end
3643,120 km/h
3644,60 km/h
3645,Main road
3646,Children
3647,50 km/h
3648,60 km/h
3649,Take right
3650,70 km/h
3651,100 km/h
3652,No overtaking for trucks
3653,Other dangerous
3654,Stop
3655,60 km/h
3656,30 km/h
3657,End of overtaking limit
3658,Stop
3659,100 km/h
3660,Take right
3661,Give way
3662,Give way
3663,100 km/h
3664,Road up for truck
3665,Turn right
3666,Snow
3667,Road up
3668,Winding road
3669,80 km/h
3670,100 km/h
3671,Hollow road
3672,70 km/h
3673,No overtaking
3674,Roadwork
3675,50 km/h
3676,70 km/h
3677,Stop
3678,Take right
3679,Road up for truck
3680,Circle crossroad
3681,Roadwork
3682,100 km/h
3683,50 km/h
3684,Brock
3685,Main road
3686,80 km/h
3687,Main road
3688,Stop
3689,Roadwork
3690,60 km/h
3691,No overtaking
3692,60 km/h
3693,Hollow road
3694,50 km/h
3695,Road up
3696,End of the limits
3697,No overtaking for trucks
3698,Slippery road
3699,70 km/h
3700,Brock
3701,Slippery road
3702,Only left
3703,Children
3704,60 km/h
3705,End of overtaking limit for truck
3706,No overtaking
3707,Take right
3708,Other dangerous
3709,Other dangerous
3710,Brock
3711,Main road
3712,Main road
3713,Road up
3714,80 km/h
3715,80 km/h
3716,Deer
3717,Deer
3718,Circle crossroad
3719,Only left
3720,End of overtaking limit for truck
3721,100 km/h
3722,Road up for truck
3723,Circle crossroad
3724,End of overtaking limit
3725,100 km/h
3726,No overtaking
3727,Road up
3728,No overtaking
3729,100 km/h
3730,Main road
3731,80 km/h end
3732,No overtaking
3733,120 km/h
3734,Brock
3735,Hollow road
3736,Stop
3737,Deer
3738,60 km/h
3739,80 km/h
3740,50 km/h
3741,Take left
3742,Only straight and right
3743,Road up
3744,Brock
3745,20 km/h
3746,Traffic light
3747,70 km/h
3748,Roadwork
3749,No overtaking
3750,Traffic light
3751,80 km/h
3752,70 km/h
3753,Other dangerous
3754,Roadwork
3755,70 km/h
3756,Brock
3757,Circle crossroad
3758,Brock
3759,80 km/h end
3760,80 km/h
3761,Deer
3762,Only right
3763,Roadwork
3764,80 km/h end
3765,Bike
3766,120 km/h
3767,No overtaking
3768,Road up
3769,70 km/h
3770,Main road
3771,Main road
3772,Give way
3773,Deer
3774,No overtaking
3775,80 km/h end
3776,Stop
3777,Only straight
3778,End of the limits
3779,30 km/h
3780,Only left
3781,Road up for truck
3782,Take right
3783,80 km/h end
3784,Main road
3785,No overtaking
3786,Main road
3787,70 km/h
3788,Bike
3789,No overtaking for trucks
3790,80 km/h
3791,Crossroad with secondary way
3792,70 km/h
3793,Traffic light
3794,120 km/h
3795,100 km/h
3796,Main road
3797,60 km/h
3798,80 km/h end
3799,Roadwork
3800,20 km/h
3801,Slippery road
3802,80 km/h end
3803,Give way
3804,60 km/h
3805,Take right
3806,Slippery road
3807,Only left
3808,Only left
3809,Take right
3810,Only right
3811,Give way
3812,80 km/h end
3813,Stop
3814,Give way
3815,Winding road
3816,Slippery road
3817,30 km/h
3818,Roadwork
3819,No overtaking for trucks
3820,70 km/h
3821,60 km/h
3822,No overtaking
3823,80 km/h
3824,60 km/h
3825,Roadwork
3826,Road up for truck
3827,Give way
3828,Turn right
3829,Roadwork
3830,100 km/h
3831,60 km/h
3832,Road up
3833,No overtaking
3834,60 km/h
3835,80 km/h end
3836,Crossroad with secondary way
3837,No overtaking
3838,Take right
3839,Crossroad with secondary way
3840,Only straight
3841,Deer
3842,70 km/h
3843,Take left
3844,70 km/h
3845,70 km/h
3846,No overtaking for trucks
3847,70 km/h
3848,60 km/h
3849,100 km/h
3850,Brock
3851,100 km/h
3852,Other dangerous
3853,No overtaking for trucks
3854,Deer
3855,Other dangerous
3856,Main road
3857,80 km/h end
3858,Main road
3859,Main road
3860,Take right
3861,Take left
3862,Main road
3863,70 km/h
3864,Only straight
3865,70 km/h
3866,100 km/h
3867,30 km/h
3868,Turn left
3869,Give way
3870,Give way
3871,Other dangerous
3872,End of overtaking limit for truck
3873,80 km/h
3874,Brock
3875,Turn right
3876,Circle crossroad
3877,80 km/h end
3878,Narrowing road
3879,50 km/h
3880,30 km/h
3881,No overtaking
3882,Main road
3883,Only straight
3884,Give way
3885,No overtaking for trucks
3886,Pedestrian
3887,Roadwork
3888,100 km/h
3889,30 km/h
3890,60 km/h
3891,Main road
3892,80 km/h end
3893,Give way
3894,100 km/h
3895,100 km/h
3896,Brock
3897,Give way
3898,Other dangerous
3899,80 km/h
3900,80 km/h
3901,End of overtaking limit for truck
3902,No overtaking for trucks
3903,100 km/h
3904,Roadwork
3905,Traffic light
3906,Roadwork
3907,100 km/h
3908,50 km/h
3909,Traffic light
3910,Traffic light
3911,Snow
3912,End of the limits
3913,Other dangerous
3914,Give way
3915,Main road
3916,Deer
3917,80 km/h
3918,Road up
3919,30 km/h
3920,80 km/h
3921,Deer
3922,80 km/h end
3923,120 km/h
3924,Main road
3925,30 km/h
3926,30 km/h
3927,Main road
3928,100 km/h
3929,100 km/h
3930,Only straight
3931,Only right
3932,Only straight
3933,70 km/h
3934,Give way
3935,Deer
3936,Give way
3937,Roadwork
3938,End of the limits
3939,Roadwork
3940,No overtaking
3941,Only right
3942,Road up
3943,No overtaking
3944,Roadwork
3945,70 km/h
3946,Give way
3947,End of overtaking limit for truck
3948,60 km/h
3949,80 km/h
3950,100 km/h
3951,Give way
3952,Road up for truck
3953,No overtaking
3954,80 km/h end
3955,Give way
3956,Only straight and right
3957,80 km/h
3958,30 km/h
3959,80 km/h end
3960,100 km/h
3961,80 km/h
3962,Only straight and right
3963,70 km/h
3964,Circle crossroad
3965,80 km/h end
3966,Brock
3967,70 km/h
3968,No overtaking for trucks
3969,100 km/h
3970,100 km/h
3971,70 km/h
3972,Deer
3973,80 km/h
3974,Give way
3975,60 km/h
3976,100 km/h
3977,Turn right
3978,Only straight
3979,80 km/h
3980,Take right
3981,Only right
3982,No overtaking for trucks
3983,Slippery road
3984,Traffic light
3985,70 km/h
3986,No overtaking
3987,80 km/h
3988,120 km/h
3989,Road up
3990,80 km/h
3991,80 km/h
3992,End of overtaking limit for truck
3993,Give way
3994,80 km/h end
3995,No overtaking
3996,No overtaking for trucks
3997,Take right
3998,60 km/h
3999,Only straight and right
4000,80 km/h
4001,Main road
4002,100 km/h
4003,80 km/h
4004,100 km/h
4005,Only right
4006,80 km/h
4007,Take right
4008,Give way
4009,No overtaking
4010,No overtaking
4011,80 km/h
4012,100 km/h
4013,No overtaking
4014,No overtaking
4015,Only right
4016,50 km/h
4017,Main road
4018,End of the limits
4019,Brock
4020,Only straight
4021,Road up for truck
4022,Take right
4023,No overtaking for trucks
4024,Main road
4025,80 km/h
4026,Slippery road
4027,Brock
4028,End of overtaking limit for truck
4029,60 km/h
4030,Take right
4031,Snow
4032,80 km/h
4033,60 km/h
4034,Main road
4035,Snow
4036,Deer
4037,Brock
4038,Only right
4039,Give way
4040,Brock
4041,Roadwork
4042,Give way
4043,Take right
4044,Snow
4045,Main road
4046,30 km/h
4047,Stop
4048,Only straight
4049,Main road
4050,Road up
4051,No overtaking for trucks
4052,Slippery road
4053,120 km/h
4054,Give way
4055,30 km/h
4056,Stop
4057,100 km/h
4058,No overtaking
4059,80 km/h end
4060,100 km/h
4061,No overtaking
4062,Slippery road
4063,80 km/h
4064,Only right
4065,No overtaking
4066,Give way
4067,30 km/h
4068,Road up for truck
4069,Other dangerous
4070,80 km/h
4071,Crossroad with secondary way
4072,100 km/h
4073,80 km/h
4074,Give way
4075,No overtaking
4076,Only left
4077,Narrowing road
4078,End of overtaking limit for truck
4079,100 km/h
4080,No overtaking
4081,Brock
4082,Traffic light
4083,End of overtaking limit for truck
4084,80 km/h end
4085,Main road
4086,Only right
4087,Traffic light
4088,70 km/h
4089,Crossroad with secondary way
4090,80 km/h end
4091,60 km/h
4092,60 km/h
4093,80 km/h end
4094,Only straight and right
4095,Turn right
4096,50 km/h
4097,80 km/h
4098,Snow
4099,Give way
4100,No overtaking
4101,100 km/h
4102,End of overtaking limit for truck
4103,Circle crossroad
4104,Winding road
4105,70 km/h
4106,80 km/h
4107,Turn left
4108,80 km/h
4109,100 km/h
4110,70 km/h
4111,Brock
4112,Give way
4113,80 km/h
4114,Other dangerous
4115,Winding road
4116,80 km/h end
4117,Brock
4118,End of the limits
4119,Take right
4120,80 km/h
4121,Road up for truck
4122,70 km/h
4123,Main road
4124,Other dangerous
4125,Road up
4126,120 km/h
4127,Deer
4128,Crossroad with secondary way
4129,No overtaking
4130,Circle crossroad
4131,Give way
4132,No overtaking for trucks
4133,Deer
4134,Stop
4135,80 km/h
4136,100 km/h
4137,Give way
4138,Give way
4139,Slippery road
4140,100 km/h
4141,End of the limits
4142,100 km/h
4143,No overtaking
4144,No overtaking for trucks
4145,100 km/h
4146,Stop
4147,30 km/h
4148,100 km/h
4149,50 km/h
4150,Only straight and right
4151,Brock
4152,Stop
4153,100 km/h
4154,No overtaking
4155,100 km/h
4156,No overtaking
4157,Give way
4158,50 km/h
4159,Traffic light
4160,Take left
4161,Children
4162,100 km/h
4163,30 km/h
4164,70 km/h
4165,No overtaking for trucks
4166,Road up for truck
4167,Take left
4168,Hollow road
4169,80 km/h
4170,Narrowing road
4171,80 km/h end
4172,80 km/h end
4173,Roadwork
4174,Roadwork
4175,End of overtaking limit for truck
4176,80 km/h
4177,Stop
4178,Give way
4179,Crossroad with secondary way
4180,Main road
4181,Children
4182,Snow
4183,Give way
4184,Only right
4185,Take right
4186,70 km/h
4187,50 km/h
4188,Stop
4189,Give way
4190,No overtaking
4191,60 km/h
4192,Take left
4193,Crossroad with secondary way
4194,100 km/h
4195,Main road
4196,Main road
4197,Take right
4198,No overtaking for trucks
4199,Main road
4200,Other dangerous
4201,100 km/h
4202,Main road
4203,Other dangerous
4204,80 km/h
4205,Take right
4206,20 km/h
4207,Roadwork
4208,80 km/h end
4209,No overtaking for trucks
4210,No overtaking
4211,30 km/h
4212,80 km/h end
4213,80 km/h
4214,80 km/h
4215,Crossroad with secondary way
4216,Take right
4217,100 km/h
4218,60 km/h
4219,Snow
4220,100 km/h
4221,Slippery road
4222,Slippery road
4223,100 km/h
4224,80 km/h
4225,Crossroad with secondary way
4226,Give way
4227,No overtaking for trucks
4228,Main road
4229,Other dangerous
4230,Deer
4231,Winding road
4232,Only right
4233,60 km/h
4234,Deer
4235,Give way
4236,Road up for truck
4237,No overtaking
4238,No overtaking
4239,60 km/h
4240,Take right
4241,120 km/h
4242,Stop
4243,Give way
4244,Only straight
4245,Main road
4246,Deer
4247,Hollow road
4248,Take right
4249,100 km/h
4250,Roadwork
4251,120 km/h
4252,Crossroad with secondary way
4253,Main road
4254,Winding road
4255,Other dangerous
4256,Other dangerous
4257,80 km/h end
4258,Give way
4259,No overtaking for trucks
4260,Main road
4261,Take left
4262,Take right
4263,50 km/h
4264,Bike
4265,100 km/h
4266,100 km/h
4267,100 km/h
4268,Bike
4269,Other dangerous
4270,No overtaking
4271,Only straight and left
4272,Bike
4273,70 km/h
4274,No overtaking
4275,Main road
4276,Give way
4277,Only straight
4278,Only left
4279,30 km/h
4280,Snow
4281,70 km/h
4282,Traffic light
4283,100 km/h
4284,80 km/h end
4285,Give way
4286,No overtaking
4287,20 km/h
4288,60 km/h
4289,No overtaking
4290,100 km/h
4291,Main road
4292,80 km/h end
4293,Winding road
4294,Stop
4295,60 km/h
4296,70 km/h
4297,Road up
4298,Only right
4299,No overtaking
4300,Main road
4301,Take right
4302,No overtaking
4303,Only straight
4304,70 km/h
4305,Take right
4306,60 km/h
4307,End of overtaking limit for truck
4308,100 km/h
4309,Give way
4310,Children
4311,Crossroad with secondary way
4312,70 km/h
4313,Roadwork
4314,Turn left
4315,Traffic light
4316,50 km/h
4317,Crossroad with secondary way
4318,Only right
4319,60 km/h
4320,100 km/h
4321,Take right
4322,30 km/h
4323,80 km/h
4324,Take right
4325,30 km/h
4326,Give way
4327,No overtaking
4328,30 km/h
4329,80 km/h end
4330,End of overtaking limit
4331,30 km/h
4332,Main road
4333,Only straight
4334,Slippery road
4335,End of overtaking limit for truck
4336,No overtaking for trucks
4337,100 km/h
4338,100 km/h
4339,Take right
4340,Circle crossroad
4341,80 km/h
4342,Only straight
4343,60 km/h
4344,Roadwork
4345,Road up
4346,100 km/h
4347,80 km/h end
4348,Brock
4349,Take left
4350,Only straight and right
4351,Road up
4352,80 km/h
4353,60 km/h
4354,70 km/h
4355,100 km/h
4356,Deer
4357,Other dangerous
4358,120 km/h
4359,Slippery road
4360,30 km/h
4361,Snow
4362,Crossroad with secondary way
4363,70 km/h
4364,Only left
4365,70 km/h
4366,100 km/h
4367,Other dangerous
4368,Take right
4369,80 km/h end
4370,30 km/h
4371,Only straight and right
4372,Circle crossroad
4373,20 km/h
4374,100 km/h
4375,Snow
4376,Only straight
4377,60 km/h
4378,120 km/h
4379,Take right
4380,Snow
4381,Take left
4382,Crossroad with secondary way
4383,Brock
4384,80 km/h
4385,Slippery road
4386,Stop
4387,Deer
4388,100 km/h
4389,No overtaking
4390,70 km/h
4391,80 km/h
4392,Take right
4393,Turn left
4394,Winding road
4395,Circle crossroad
4396,Circle crossroad
4397,Main road
4398,Stop
4399,100 km/h
4400,Narrowing road
4401,Snow
4402,Turn right
4403,Slippery road
4404,Stop
4405,Turn left
4406,Roadwork
4407,Road up
4408,Circle crossroad
4409,Stop
4410,Snow
4411,Traffic light
4412,Deer
4413,60 km/h
4414,Pedestrian
4415,No overtaking
4416,Crossroad with secondary way
4417,80 km/h end
4418,Only right
4419,100 km/h
4420,Turn right
4421,Give way
4422,Other dangerous
4423,80 km/h end
4424,Take right
4425,Deer
4426,100 km/h
4427,Deer
4428,50 km/h
4429,End of overtaking limit for truck
4430,70 km/h
4431,Main road
4432,No overtaking
4433,100 km/h
4434,60 km/h
4435,80 km/h
4436,50 km/h
4437,80 km/h
4438,Take right
4439,100 km/h
4440,Brock
4441,Slippery road
4442,Hollow road
4443,30 km/h
4444,Road up
4445,Only right
4446,Slippery road
4447,Slippery road
4448,Only straight
4449,Take right
4450,Only straight and left
4451,Hollow road
4452,Roadwork
4453,100 km/h
4454,100 km/h
4455,120 km/h
4456,Only straight and left
4457,Only straight and right
4458,100 km/h
4459,Traffic light
4460,Only left
4461,Traffic light
4462,80 km/h
4463,70 km/h
4464,Narrowing road
4465,100 km/h
4466,70 km/h
4467,70 km/h
4468,60 km/h
4469,100 km/h
4470,60 km/h
4471,70 km/h
4472,30 km/h
4473,Traffic light
4474,No overtaking
4475,30 km/h
4476,Only left
4477,Children
4478,Bike
4479,End of overtaking limit for truck
4480,60 km/h
4481,Stop
4482,Turn right
4483,70 km/h
4484,Take right
4485,Give way
4486,70 km/h
4487,100 km/h
4488,No overtaking for trucks
4489,Slippery road
4490,30 km/h
4491,Take right
4492,Crossroad with secondary way
4493,Traffic light
4494,60 km/h
4495,80 km/h
4496,Brock
4497,Only straight
4498,Circle crossroad
4499,100 km/h
4500,80 km/h end
4501,Road up for truck
4502,Main road
4503,Main road
4504,60 km/h
4505,30 km/h
4506,No overtaking for trucks
4507,Main road
4508,Main road
4509,100 km/h
4510,100 km/h
4511,No overtaking
4512,Crossroad with secondary way
4513,Give way
4514,Crossroad with secondary way
4515,Give way
4516,80 km/h
4517,30 km/h
4518,60 km/h
4519,Roadwork
4520,80 km/h
4521,80 km/h
4522,80 km/h end
4523,No overtaking
4524,Snow
4525,80 km/h
4526,70 km/h
4527,100 km/h
4528,Slippery road
4529,30 km/h
4530,Other dangerous
4531,Only right
4532,Roadwork
4533,Roadwork
4534,Children
4535,Circle crossroad
4536,Take right
4537,100 km/h
4538,80 km/h end
4539,50 km/h
4540,100 km/h
4541,80 km/h end
4542,Snow
4543,Take right
4544,Main road
4545,Crossroad with secondary way
4546,Take right
4547,Hollow road
4548,Winding road
4549,60 km/h
4550,Pedestrian
4551,Roadwork
4552,60 km/h
4553,80 km/h
4554,Main road
4555,No overtaking
4556,Only straight
4557,No overtaking
4558,No overtaking
4559,80 km/h end
4560,Roadwork
4561,70 km/h
4562,Turn right
4563,Roadwork
4564,Turn right
4565,100 km/h
4566,60 km/h
4567,70 km/h
4568,Crossroad with secondary way
4569,70 km/h
4570,Only straight
4571,70 km/h
4572,70 km/h
4573,70 km/h
4574,Roadwork
4575,60 km/h
4576,70 km/h
4577,70 km/h
4578,Take right
4579,Roadwork
4580,80 km/h
4581,Snow
4582,20 km/h
4583,80 km/h end
4584,Main road
4585,Narrowing road
4586,Only straight and right
4587,Give way
4588,Bike
4589,Take right
4590,Main road
4591,100 km/h
4592,Slippery road
4593,80 km/h
4594,100 km/h
4595,Stop
4596,80 km/h end
4597,80 km/h
4598,60 km/h
4599,No overtaking for trucks
4600,Main road
4601,80 km/h end
4602,Give way
4603,100 km/h
4604,Turn left
4605,100 km/h
4606,100 km/h
4607,50 km/h
4608,Main road
4609,80 km/h end
4610,Only straight and right
4611,100 km/h
4612,30 km/h
4613,Children
4614,70 km/h
4615,Other dangerous
4616,Bike
4617,80 km/h
4618,120 km/h
4619,Take right
4620,Take right
4621,Roadwork
4622,Only right
4623,Only straight and right
4624,Other dangerous
4625,No overtaking
4626,Traffic light
4627,80 km/h
4628,Bike
4629,Turn right
4630,80 km/h end
4631,End of overtaking limit for truck
4632,No overtaking
4633,30 km/h
4634,70 km/h
4635,Roadwork
4636,Roadwork
4637,80 km/h
4638,Crossroad with secondary way
4639,100 km/h
4640,Hollow road
4641,No overtaking for trucks
4642,100 km/h
4643,Give way
4644,Road up
4645,30 km/h
4646,No overtaking
4647,Only straight and left
4648,30 km/h
4649,80 km/h
4650,100 km/h
4651,Only straight and left
4652,100 km/h
4653,Roadwork
4654,Only left
4655,80 km/h
4656,Take left
4657,50 km/h
4658,Deer
4659,Roadwork
4660,Take left
4661,Give way
4662,80 km/h
4663,Take right
4664,100 km/h
4665,Traffic light
4666,Take right
4667,60 km/h
4668,Give way
4669,Other dangerous
4670,100 km/h
4671,Only straight
4672,Narrowing road
4673,Main road
4674,70 km/h
4675,Brock
4676,No overtaking
4677,Take right
4678,Crossroad with secondary way
4679,Crossroad with secondary way
4680,Turn left
4681,Main road
4682,30 km/h
4683,Give way
4684,100 km/h
4685,70 km/h
4686,100 km/h
4687,30 km/h
4688,Road up for truck
4689,100 km/h
4690,80 km/h
4691,60 km/h
4692,Other dangerous
4693,70 km/h
4694,30 km/h
4695,80 km/h
4696,Other dangerous
4697,Only left
4698,80 km/h
4699,70 km/h
4700,Brock
4701,Crossroad with secondary way
4702,Only right
4703,Only straight
4704,60 km/h
4705,70 km/h
4706,100 km/h
4707,Brock
4708,70 km/h
4709,Take right
4710,Traffic light
4711,Traffic light
4712,Only right
4713,60 km/h
4714,Deer
4715,Brock
4716,100 km/h
4717,70 km/h
4718,Narrowing road
4719,100 km/h
4720,Snow
4721,50 km/h
4722,Pedestrian
4723,End of overtaking limit for truck
4724,Bike
4725,Main road
4726,Road up
4727,No overtaking for trucks
4728,Main road
4729,100 km/h
4730,Take right
4731,Roadwork
4732,Only straight
4733,100 km/h
4734,No overtaking
4735,Give way
4736,80 km/h
4737,80 km/h end
4738,100 km/h
4739,Main road
4740,No overtaking
4741,No overtaking for trucks
4742,Other dangerous
4743,Hollow road
4744,Take right
4745,Stop
4746,Narrowing road
4747,Only left
4748,100 km/h
4749,Turn right
4750,60 km/h
4751,70 km/h
4752,Brock
4753,Main road
4754,Turn right
4755,Crossroad with secondary way
4756,120 km/h
4757,100 km/h
4758,80 km/h
4759,100 km/h
4760,30 km/h
4761,70 km/h
4762,Other dangerous
4763,120 km/h
4764,Brock
4765,30 km/h
4766,No overtaking for trucks
4767,Deer
4768,70 km/h
4769,Only right
4770,70 km/h
4771,100 km/h
4772,Roadwork
4773,Take right
4774,30 km/h
4775,120 km/h
4776,End of overtaking limit for truck
4777,Roadwork
4778,80 km/h end
4779,Take right
4780,Only right
4781,Traffic light
4782,Give way
4783,80 km/h
4784,Other dangerous
4785,120 km/h
4786,80 km/h end
4787,Main road
4788,Stop
4789,80 km/h
4790,Take right
4791,Take right
4792,70 km/h
4793,Take right
4794,Deer
4795,20 km/h
4796,80 km/h
4797,80 km/h
4798,Give way
4799,End of the limits
4800,Take left
4801,Stop
4802,Give way
4803,No overtaking
4804,No overtaking for trucks
4805,Other dangerous
4806,Circle crossroad
4807,80 km/h
4808,30 km/h
4809,100 km/h
4810,Only straight and right
4811,100 km/h
4812,100 km/h
4813,70 km/h
4814,70 km/h
4815,Circle crossroad
4816,No overtaking
4817,60 km/h
4818,70 km/h
4819,Deer
4820,30 km/h
4821,100 km/h
4822,60 km/h
4823,60 km/h
4824,Winding road
4825,100 km/h
4826,Road up
4827,Turn left
4828,Crossroad with secondary way
4829,No overtaking for trucks
4830,80 km/h end
4831,Brock
4832,Crossroad with secondary way
4833,Pedestrian
4834,Give way
4835,70 km/h
4836,Crossroad with secondary way
4837,100 km/h
4838,60 km/h
4839,Brock
4840,Crossroad with secondary way
4841,70 km/h
4842,30 km/h
4843,80 km/h
4844,Crossroad with secondary way
4845,Traffic light
4846,Crossroad with secondary way
4847,Narrowing road
4848,No overtaking
4849,60 km/h
4850,80 km/h
4851,70 km/h
4852,Take right
4853,Take right
4854,50 km/h
4855,Take right
4856,80 km/h
4857,Deer
4858,Deer
4859,Main road
4860,50 km/h
4861,Take right
4862,Roadwork
4863,No overtaking
4864,No overtaking
4865,Roadwork
4866,No overtaking
4867,Only right
4868,No overtaking
4869,100 km/h
4870,End of the limits
4871,80 km/h
4872,80 km/h
4873,60 km/h
4874,Brock
4875,Only straight
4876,Main road
4877,Brock
4878,Take right
4879,End of overtaking limit for truck
4880,Other dangerous
4881,Only straight and right
4882,Other dangerous
4883,End of overtaking limit for truck
4884,Only straight
4885,100 km/h
4886,Circle crossroad
4887,Give way
4888,Take right
4889,80 km/h end
4890,Brock
4891,Give way
4892,50 km/h
4893,Brock
4894,80 km/h end
4895,80 km/h
4896,Only straight
4897,Roadwork
4898,100 km/h
4899,80 km/h
4900,Road up
4901,120 km/h
4902,50 km/h
4903,Snow
4904,80 km/h end
4905,Roadwork
4906,Turn right
4907,End of the limits
4908,100 km/h
4909,Roadwork
4910,80 km/h
4911,Slippery road
4912,No overtaking
4913,Main road
4914,Give way
4915,End of the limits
4916,60 km/h
4917,Other dangerous
4918,120 km/h
4919,Other dangerous
4920,Deer
4921,100 km/h
4922,Only right
4923,100 km/h
4924,50 km/h
4925,Crossroad with secondary way
4926,80 km/h
4927,50 km/h
4928,Give way
4929,80 km/h
4930,100 km/h
4931,100 km/h
4932,70 km/h
4933,No overtaking
4934,Give way
4935,Stop
4936,70 km/h
4937,Only straight
4938,80 km/h
4939,Roadwork
4940,70 km/h
4941,Crossroad with secondary way
4942,Turn right
4943,Hollow road
4944,Snow
4945,Only right
4946,Traffic light
4947,80 km/h
4948,120 km/h
4949,Stop
4950,Other dangerous
4951,80 km/h
4952,Only straight
4953,Give way
4954,80 km/h end
4955,Brock
4956,50 km/h
4957,Turn left
4958,Only straight and right
4959,Narrowing road
4960,Only right
4961,30 km/h
4962,80 km/h
4963,100 km/h
4964,50 km/h
4965,70 km/h
4966,30 km/h
4967,50 km/h
4968,Circle crossroad
4969,Traffic light
4970,No overtaking
4971,No overtaking
4972,Give way
4973,Turn right
4974,Give way
4975,Snow
4976,Slippery road
4977,Roadwork
4978,100 km/h
4979,120 km/h
4980,Main road
4981,Main road
4982,Slippery road
4983,End of overtaking limit for truck
4984,Only left
4985,20 km/h
4986,Roadwork
4987,Road up
4988,Stop
4989,Circle crossroad
4990,70 km/h
4991,70 km/h
4992,Crossroad with secondary way
4993,No overtaking for trucks
4994,Slippery road
4995,80 km/h
4996,70 km/h
4997,Crossroad with secondary way
4998,Main road
4999,Give way
5000,Give way
5001,Other dangerous
5002,Bike
5003,60 km/h
5004,30 km/h
5005,Children
5006,Give way
5007,Slippery road
5008,60 km/h
5009,Main road
5010,Main road
5011,Slippery road
5012,50 km/h
5013,Slippery road
5014,Only straight
5015,Main road
5016,Slippery road
5017,End of overtaking limit for truck
5018,100 km/h
5019,Crossroad with secondary way
5020,Hollow road
5021,100 km/h
5022,No overtaking for trucks
5023,Snow
5024,Road up for truck
5025,Bike
5026,Give way
5027,Narrowing road
5028,Main road
5029,Take right
5030,Stop
5031,30 km/h
5032,Stop
5033,No overtaking
5034,End of overtaking limit for truck
5035,End of overtaking limit for truck
5036,Give way
5037,Only left
5038,60 km/h
5039,Bike
5040,Take right
5041,30 km/h
5042,Road up for truck
5043,120 km/h
5044,100 km/h
5045,70 km/h
5046,30 km/h
5047,Snow
5048,80 km/h
5049,No overtaking
5050,80 km/h
5051,Road up for truck
5052,Brock
5053,No overtaking
5054,30 km/h
5055,Traffic light
5056,70 km/h
5057,Take right
5058,60 km/h
5059,100 km/h
5060,80 km/h end
5061,Give way
5062,Brock
5063,Other dangerous
5064,Main road
5065,Crossroad with secondary way
5066,Crossroad with secondary way
5067,Roadwork
5068,No overtaking
5069,100 km/h
5070,100 km/h
5071,80 km/h
5072,Roadwork
5073,100 km/h
5074,100 km/h
5075,80 km/h end
5076,No overtaking
5077,80 km/h end
5078,Crossroad with secondary way
5079,Stop
5080,70 km/h
5081,Other dangerous
5082,Only right
5083,Other dangerous
5084,No overtaking for trucks
5085,60 km/h
5086,Other dangerous
5087,Main road
5088,Traffic light
5089,Roadwork
5090,Only left
5091,Main road
5092,No overtaking
5093,Take right
5094,End of overtaking limit
5095,Take right
5096,End of overtaking limit for truck
5097,60 km/h
5098,Brock
5099,Take right
5100,80 km/h
5101,Hollow road
5102,100 km/h
5103,Stop
5104,Traffic light
5105,70 km/h
5106,80 km/h
5107,Take left
5108,Bike
5109,Traffic light
5110,Give way
5111,100 km/h
5112,Give way
5113,80 km/h
5114,No overtaking
5115,70 km/h
5116,80 km/h
5117,100 km/h
5118,100 km/h
5119,Children
5120,Crossroad with secondary way
5121,60 km/h
5122,Stop
5123,30 km/h
5124,Take right
5125,Road up
5126,Main road
5127,Crossroad with secondary way
5128,80 km/h end
5129,Roadwork
5130,Take right
5131,Brock
5132,70 km/h
5133,Bike
5134,30 km/h
5135,Stop
5136,80 km/h end
5137,30 km/h
5138,Crossroad with secondary way
5139,No overtaking
5140,Only straight and right
5141,Other dangerous
5142,80 km/h end
5143,Give way
5144,80 km/h end
5145,100 km/h
5146,Roadwork
5147,80 km/h
5148,100 km/h
5149,80 km/h
5150,End of overtaking limit for truck
5151,Give way
5152,Slippery road
5153,Take right
5154,100 km/h
5155,Only straight and right
5156,Give way
5157,Take right
5158,Only straight and right
5159,100 km/h
5160,No overtaking
5161,50 km/h
5162,Turn right
5163,Children
5164,Only right
5165,No overtaking for trucks
5166,Brock
5167,Snow
5168,70 km/h
5169,70 km/h
5170,60 km/h
5171,Only straight and right
5172,80 km/h
5173,70 km/h
5174,Only left
5175,Main road
5176,Hollow road
5177,80 km/h
5178,Road up for truck
5179,120 km/h
5180,Roadwork
5181,Main road
5182,Turn right
5183,Circle crossroad
5184,Take right
5185,Deer
5186,Give way
5187,50 km/h
5188,Turn left
5189,Road up for truck
5190,No overtaking
5191,End of overtaking limit for truck
5192,Main road
5193,Give way
5194,Traffic light
5195,Main road
5196,No overtaking for trucks
5197,Circle crossroad
5198,Hollow road
5199,Turn left
5200,No overtaking
5201,120 km/h
5202,Only straight
5203,70 km/h
5204,Give way
5205,Bike
5206,100 km/h
5207,Take right
5208,Narrowing road
5209,Only right
5210,120 km/h
5211,60 km/h
5212,Take left
5213,No overtaking
5214,Slippery road
5215,Take right
5216,80 km/h
5217,Bike
5218,60 km/h
5219,No overtaking
5220,Stop
5221,120 km/h
5222,Other dangerous
5223,Crossroad with secondary way
5224,No overtaking
5225,Take left
5226,Children
5227,Only straight
5228,70 km/h
5229,Traffic light
5230,70 km/h
5231,Hollow road
5232,Slippery road
5233,80 km/h end
5234,Crossroad with secondary way
5235,80 km/h end
5236,Main road
5237,Only right
5238,70 km/h
5239,Crossroad with secondary way
5240,Road up
5241,Take right
5242,50 km/h
5243,100 km/h
5244,Other dangerous
5245,70 km/h
5246,60 km/h
5247,100 km/h
5248,100 km/h
5249,Stop
5250,No overtaking
5251,Take right
5252,60 km/h
5253,Main road
5254,No overtaking
5255,No overtaking
5256,Snow
5257,Crossroad with secondary way
5258,Hollow road
5259,60 km/h
5260,No overtaking for trucks
5261,50 km/h
5262,60 km/h
5263,Road up
5264,Road up for truck
5265,Give way
5266,100 km/h
5267,No overtaking
5268,Take left
5269,Main road
5270,80 km/h
5271,Other dangerous
5272,120 km/h
5273,Give way
5274,70 km/h
5275,Take right
5276,No overtaking
5277,100 km/h
5278,30 km/h
5279,Take right
5280,Take right
5281,Take right
5282,80 km/h
5283,Take left
5284,80 km/h
5285,30 km/h
5286,Circle crossroad
5287,Take right
5288,Give way
5289,No overtaking
5290,Take left
5291,Slippery road
5292,Stop
5293,Crossroad with secondary way
5294,80 km/h
5295,Take right
5296,Only right
5297,Main road
5298,Narrowing road
5299,Road up for truck
5300,Deer
5301,Circle crossroad
5302,Roadwork
5303,No overtaking for trucks
5304,End of the limits
5305,Only straight
5306,Give way
5307,Give way
5308,100 km/h
5309,Deer
5310,80 km/h
5311,Crossroad with secondary way
5312,Give way
5313,Narrowing road
5314,Hollow road
5315,Traffic light
5316,Road up
5317,Stop
5318,50 km/h
5319,100 km/h
5320,No overtaking
5321,Only left
5322,Bike
5323,No overtaking
5324,60 km/h
5325,Give way
5326,70 km/h
5327,80 km/h
5328,No overtaking for trucks
5329,No overtaking
5330,Give way
5331,Slippery road
5332,Deer
5333,Children
5334,80 km/h
5335,Only straight
5336,Stop
5337,60 km/h
5338,50 km/h
5339,Turn left
5340,No overtaking
5341,30 km/h
5342,Circle crossroad
5343,Main road
5344,End of overtaking limit
5345,Slippery road
5346,70 km/h
5347,Give way
5348,Only straight and right
5349,Circle crossroad
5350,Take right
5351,Brock
5352,Take right
5353,30 km/h
5354,Hollow road
5355,80 km/h end
5356,Give way
5357,No overtaking
5358,100 km/h
5359,Main road
5360,Main road
5361,Pedestrian
5362,Main road
5363,100 km/h
5364,30 km/h
5365,70 km/h
5366,Stop
5367,Road up for truck
5368,100 km/h
5369,100 km/h
5370,100 km/h
5371,Crossroad with secondary way
5372,100 km/h
5373,Only straight
5374,Children
5375,Slippery road
5376,Only straight and left
5377,Take right
5378,Main road
5379,Stop
5380,100 km/h
5381,100 km/h
5382,End of overtaking limit for truck
5383,Road up
5384,Circle crossroad
5385,Snow
5386,Crossroad with secondary way
5387,80 km/h end
5388,End of the limits
5389,Pedestrian
5390,100 km/h
5391,30 km/h
5392,50 km/h
5393,70 km/h
5394,Crossroad with secondary way
5395,100 km/h
5396,No overtaking
5397,Traffic light
5398,30 km/h
5399,80 km/h
5400,70 km/h
5401,60 km/h
5402,100 km/h
5403,Turn left
5404,100 km/h
5405,Turn right
5406,Take right
5407,Only straight
5408,100 km/h
5409,Bike
5410,Only left
5411,No overtaking
5412,Narrowing road
5413,Snow
5414,Traffic light
5415,Snow
5416,Slippery road
5417,60 km/h
5418,Crossroad with secondary way
5419,Road up
5420,30 km/h
5421,Only straight and left
5422,Stop
5423,30 km/h
5424,No overtaking for trucks
5425,80 km/h
5426,20 km/h
5427,100 km/h
5428,Only left
5429,Road up for truck
5430,Turn right
5431,100 km/h
5432,Crossroad with secondary way
5433,Only right
5434,No overtaking
5435,Give way
5436,80 km/h
5437,Take right
5438,100 km/h
5439,60 km/h
5440,100 km/h
5441,80 km/h end
5442,Only straight
5443,30 km/h
5444,Give way
5445,Other dangerous
5446,Stop
5447,Stop
5448,Take right
5449,60 km/h
5450,Turn right
5451,100 km/h
5452,Roadwork
5453,Other dangerous
5454,100 km/h
5455,Give way
5456,70 km/h
5457,Deer
5458,70 km/h
5459,60 km/h
5460,No overtaking
5461,100 km/h
5462,Give way
5463,Stop
5464,30 km/h
5465,60 km/h
5466,No overtaking for trucks
5467,Only left
5468,80 km/h
5469,Slippery road
5470,Hollow road
5471,Take right
5472,Brock
5473,70 km/h
5474,Main road
5475,Brock
5476,Roadwork
5477,Crossroad with secondary way
5478,Road up
5479,Brock
5480,Only straight
5481,Take right
5482,80 km/h end
5483,100 km/h
5484,Snow
5485,100 km/h
5486,70 km/h
5487,Give way
5488,Give way
5489,Brock
5490,50 km/h
5491,60 km/h
5492,60 km/h
5493,70 km/h
5494,Children
5495,Only straight and right
5496,Traffic light
5497,No overtaking
5498,Other dangerous
5499,120 km/h
5500,Only straight
5501,30 km/h
5502,Take right
5503,Traffic light
5504,No overtaking
5505,Give way
5506,70 km/h
5507,Road up
5508,Roadwork
5509,Only straight
5510,Roadwork
5511,70 km/h
5512,Roadwork
5513,50 km/h
5514,70 km/h
5515,Give way
5516,No overtaking for trucks
5517,Give way
5518,Only straight
5519,No overtaking for trucks
5520,No overtaking for trucks
5521,100 km/h
5522,Crossroad with secondary way
5523,Give way
5524,80 km/h
5525,70 km/h
5526,Slippery road
5527,30 km/h
5528,30 km/h
5529,Narrowing road
5530,100 km/h
5531,Other dangerous
5532,Road up
5533,No overtaking
5534,80 km/h
5535,80 km/h end
5536,Take right
5537,Take right
5538,Crossroad with secondary way
5539,80 km/h
5540,Slippery road
5541,Snow
5542,80 km/h
5543,100 km/h
5544,60 km/h
5545,Crossroad with secondary way
5546,Road up
5547,Main road
5548,Give way
5549,Slippery road
5550,End of the limits
5551,100 km/h
5552,80 km/h
5553,Turn right
5554,70 km/h
5555,End of overtaking limit
5556,Pedestrian
5557,100 km/h
5558,Take right
5559,Take right
5560,100 km/h
5561,Give way
5562,70 km/h
5563,Give way
5564,Take right
5565,Pedestrian
5566,Slippery road
5567,100 km/h
5568,Turn left
5569,Take right
5570,80 km/h
5571,Slippery road
5572,Snow
5573,80 km/h end
5574,Deer
5575,Main road
5576,80 km/h end
5577,60 km/h
5578,Slippery road
5579,Take right
5580,No overtaking for trucks
5581,End of overtaking limit for truck
5582,Turn right
5583,Brock
5584,30 km/h
5585,100 km/h
5586,Take right
5587,80 km/h
5588,80 km/h end
5589,Main road
5590,30 km/h
5591,No overtaking
5592,100 km/h
5593,120 km/h
5594,100 km/h
5595,80 km/h
5596,Main road
5597,Only right
5598,Circle crossroad
5599,80 km/h end
5600,Only straight
5601,80 km/h
5602,100 km/h
5603,No overtaking for trucks
5604,Main road
5605,Take right
5606,Take left
5607,Brock
5608,Only straight
5609,Only right
5610,Main road
5611,100 km/h
5612,Hollow road
5613,Take right
5614,Children
5615,Road up for truck
5616,Turn right
5617,Slippery road
5618,30 km/h
5619,100 km/h
5620,100 km/h
5621,100 km/h
5622,Give way
5623,100 km/h
5624,Circle crossroad
5625,Brock
5626,Roadwork
5627,Snow
5628,Narrowing road
5629,50 km/h
5630,Circle crossroad
5631,Main road
5632,Roadwork
5633,Bike
5634,Hollow road
5635,Turn right
5636,No overtaking
5637,70 km/h
5638,60 km/h
5639,Crossroad with secondary way
5640,80 km/h
5641,100 km/h
5642,100 km/h
5643,60 km/h
5644,30 km/h
5645,Take right
5646,Roadwork
5647,100 km/h
5648,Only straight and right
5649,No overtaking
5650,80 km/h
5651,80 km/h end
5652,No overtaking
5653,Crossroad with secondary way
5654,50 km/h
5655,100 km/h
5656,No overtaking
5657,Brock
5658,Other dangerous
5659,60 km/h
5660,70 km/h
5661,Turn left
5662,No overtaking
5663,Only straight and left
5664,Traffic light
5665,Give way
5666,Take right
5667,End of overtaking limit for truck
5668,Only straight and left
5669,70 km/h
5670,No overtaking
5671,Narrowing road
5672,Main road
5673,Circle crossroad
5674,Only straight
5675,End of overtaking limit
5676,Snow
5677,80 km/h end
5678,Take right
5679,End of overtaking limit for truck
5680,Crossroad with secondary way
5681,80 km/h end
5682,30 km/h
5683,End of overtaking limit for truck
5684,Roadwork
5685,100 km/h
5686,80 km/h end
5687,60 km/h
5688,Other dangerous
5689,No overtaking
5690,Take right
5691,Traffic light
5692,Road up for truck
5693,No overtaking for trucks
5694,100 km/h
5695,Give way
5696,Give way
5697,Narrowing road
5698,Circle crossroad
5699,Only straight and left
5700,80 km/h end
5701,Stop
5702,Snow
5703,Roadwork
5704,80 km/h
5705,Stop
5706,No overtaking
5707,Main road
5708,Other dangerous
5709,30 km/h
5710,Only left
5711,120 km/h
5712,End of the limits
5713,Take right
5714,70 km/h
5715,Bike
5716,Take right
5717,30 km/h
5718,Take left
5719,Brock
5720,Narrowing road
5721,80 km/h
5722,120 km/h
5723,Crossroad with secondary way
5724,Snow
5725,Brock
5726,Take right
5727,Snow
5728,100 km/h
5729,70 km/h
5730,Give way
5731,Crossroad with secondary way
5732,100 km/h
5733,No overtaking for trucks
5734,Narrowing road
5735,Crossroad with secondary way
5736,Slippery road
5737,Take right
5738,Deer
5739,30 km/h
5740,Only straight
5741,No overtaking for trucks
5742,100 km/h
5743,Take right
5744,Take right
5745,No overtaking
5746,Circle crossroad
5747,Circle crossroad
5748,Give way
5749,End of overtaking limit for truck
5750,Take right
5751,100 km/h
5752,80 km/h
5753,60 km/h
5754,Only right
5755,No overtaking
5756,80 km/h
5757,Slippery road
5758,Crossroad with secondary way
5759,70 km/h
5760,70 km/h
5761,Only straight and right
5762,80 km/h end
5763,80 km/h
5764,Only straight
5765,Crossroad with secondary way
5766,100 km/h
5767,Road up
5768,End of overtaking limit
5769,70 km/h
5770,Give way
5771,Give way
5772,60 km/h
5773,Stop
5774,70 km/h
5775,100 km/h
5776,Deer
5777,Hollow road
5778,Main road
5779,Only left
5780,80 km/h
5781,No overtaking for trucks
5782,Give way
5783,Give way
5784,Hollow road
5785,Main road
5786,Narrowing road
5787,100 km/h
5788,Road up for truck
5789,Narrowing road
5790,Main road
5791,Road up for truck
5792,Only left
5793,Only right
5794,70 km/h
5795,Narrowing road
5796,100 km/h
5797,70 km/h
5798,Give way
5799,Take left
5800,Turn right
5801,Give way
5802,60 km/h
5803,80 km/h
5804,End of overtaking limit for truck
5805,Main road
5806,Give way
5807,80 km/h
5808,Slippery road
5809,Crossroad with secondary way
5810,Stop
5811,Take right
5812,No overtaking for trucks
5813,Road up for truck
5814,Roadwork
5815,Traffic light
5816,Take right
5817,No overtaking
5818,30 km/h
5819,80 km/h
5820,Hollow road
5821,Circle crossroad
5822,Take right
5823,60 km/h
5824,Slippery road
5825,50 km/h
5826,30 km/h
5827,Only straight
5828,30 km/h
5829,Stop
5830,Road up
5831,100 km/h
5832,No overtaking for trucks
5833,Bike
5834,30 km/h
5835,30 km/h
5836,Main road
5837,Children
5838,100 km/h
5839,80 km/h
5840,30 km/h
5841,No overtaking
5842,Stop
5843,Give way
5844,End of overtaking limit for truck
5845,Take right
5846,70 km/h
5847,70 km/h
5848,100 km/h
5849,No overtaking
5850,100 km/h
5851,Hollow road
5852,70 km/h
5853,Other dangerous
5854,Take right
5855,Brock
5856,Deer
5857,Main road
5858,70 km/h
5859,Snow
5860,Main road
5861,Take right
5862,80 km/h
5863,80 km/h end
5864,Main road
5865,Road up
5866,80 km/h
5867,Winding road
5868,100 km/h
5869,No overtaking
5870,80 km/h
5871,80 km/h end
5872,60 km/h
5873,Deer
5874,Take right
5875,Traffic light
5876,Only right
5877,Give way
5878,No overtaking
5879,Crossroad with secondary way
5880,Give way
5881,Take left
5882,Stop
5883,Take right
5884,Crossroad with secondary way
5885,Main road
5886,100 km/h
5887,Turn right
5888,50 km/h
5889,Other dangerous
5890,Give way
5891,Stop
5892,End of overtaking limit for truck
5893,20 km/h
5894,No overtaking
5895,Other dangerous
5896,Hollow road
5897,Road up
5898,Main road
5899,Take right
5900,Give way
5901,100 km/h
5902,Give way
5903,Crossroad with secondary way
5904,Snow
5905,70 km/h
5906,Stop
5907,Deer
5908,80 km/h
5909,Crossroad with secondary way
5910,100 km/h
5911,100 km/h
5912,80 km/h
5913,120 km/h
5914,Turn right
5915,Give way
5916,No overtaking
5917,Traffic light
5918,60 km/h
5919,80 km/h end
5920,Give way
5921,No overtaking for trucks
5922,80 km/h
5923,100 km/h
5924,60 km/h
5925,Crossroad with secondary way
5926,120 km/h
5927,No overtaking
5928,Crossroad with secondary way
5929,Other dangerous
5930,100 km/h
5931,100 km/h
5932,Stop
5933,50 km/h
5934,Take right
5935,Road up
5936,80 km/h
5937,End of overtaking limit for truck
5938,Main road
5939,60 km/h
5940,80 km/h end
5941,Slippery road
5942,80 km/h end
5943,70 km/h
5944,No overtaking
5945,100 km/h
5946,Take right
5947,50 km/h
5948,100 km/h
5949,Pedestrian
5950,No overtaking
5951,Take right
5952,Take left
5953,Main road
5954,120 km/h
5955,Take right
5956,30 km/h
5957,Main road
5958,No overtaking for trucks
5959,Take right
5960,Main road
5961,Road up
5962,Turn left
5963,Slippery road
5964,Take right
5965,Narrowing road
5966,Deer
5967,100 km/h
5968,No overtaking for trucks
5969,Road up for truck
5970,100 km/h
5971,Road up
5972,Give way
5973,Main road
5974,60 km/h
5975,Circle crossroad
5976,20 km/h
5977,70 km/h
5978,Give way
5979,80 km/h
5980,Only straight and left
5981,80 km/h
5982,Snow
5983,70 km/h
5984,Stop
5985,60 km/h
5986,Crossroad with secondary way
5987,30 km/h
5988,30 km/h
5989,Stop
5990,70 km/h
5991,Turn left
5992,End of the limits
5993,80 km/h
5994,100 km/h
5995,80 km/h end
5996,60 km/h
5997,Only straight and right
5998,80 km/h
5999,80 km/h
6000,120 km/h
6001,Only right
6002,30 km/h
6003,30 km/h
6004,50 km/h
6005,Deer
6006,No overtaking
6007,100 km/h
6008,Give way
6009,120 km/h
6010,Brock
6011,Bike
6012,Only straight
6013,30 km/h
6014,Stop
6015,No overtaking for trucks
6016,Take right
6017,Narrowing road
6018,Only right
6019,Only left
6020,Brock
6021,Other dangerous
6022,Only left
6023,Take right
6024,80 km/h
6025,Snow
6026,30 km/h
6027,Winding road
6028,70 km/h
6029,80 km/h
6030,80 km/h
6031,Main road
6032,Give way
6033,Main road
6034,50 km/h
6035,Main road
6036,No overtaking
6037,Main road
6038,Give way
6039,120 km/h
6040,Slippery road
6041,100 km/h
6042,Take left
6043,Roadwork
6044,Roadwork
6045,Snow
6046,Snow
6047,60 km/h
6048,Main road
6049,30 km/h
6050,Only straight
6051,80 km/h
6052,80 km/h
6053,30 km/h
6054,60 km/h
6055,Road up
6056,Pedestrian
6057,Turn left
6058,120 km/h
6059,Slippery road
6060,Take right
6061,Roadwork
6062,Main road
6063,Take right
6064,Take right
6065,100 km/h
6066,Slippery road
6067,30 km/h
6068,80 km/h
6069,Only straight
6070,80 km/h
6071,No overtaking
6072,Slippery road
6073,30 km/h
6074,Take right
6075,100 km/h
6076,Give way
6077,Narrowing road
6078,30 km/h
6079,Crossroad with secondary way
6080,Crossroad with secondary way
6081,30 km/h
6082,End of overtaking limit for truck
6083,80 km/h
6084,50 km/h
6085,80 km/h
6086,Brock
6087,Road up for truck
6088,70 km/h
6089,70 km/h
6090,30 km/h
6091,Snow
6092,Only right
6093,80 km/h
6094,Take right
6095,100 km/h
6096,Crossroad with secondary way
6097,Slippery road
6098,Only straight
6099,End of overtaking limit
6100,70 km/h
6101,80 km/h end
6102,100 km/h
6103,Take right
6104,20 km/h
6105,Give way
6106,Main road
6107,30 km/h
6108,Give way
6109,Slippery road
6110,Slippery road
6111,Only left
6112,Main road
6113,60 km/h
6114,Snow
6115,Give way
6116,80 km/h end
6117,No overtaking
6118,Snow
6119,Turn right
6120,Other dangerous
6121,Main road
6122,No overtaking
6123,80 km/h end
6124,Give way
6125,Roadwork
6126,Give way
6127,No overtaking
6128,80 km/h
6129,Slippery road
6130,No overtaking for trucks
6131,Give way
6132,End of the limits
6133,No overtaking
6134,Slippery road
6135,Take right
6136,End of overtaking limit for truck
6137,100 km/h
6138,100 km/h
6139,No overtaking
6140,Give way
6141,60 km/h
6142,80 km/h
6143,Brock
6144,Give way
6145,Crossroad with secondary way
6146,No overtaking
6147,100 km/h
6148,Take right
6149,No overtaking
6150,80 km/h end
6151,100 km/h
6152,60 km/h
6153,80 km/h end
6154,Brock
6155,Only left
6156,Give way
6157,Crossroad with secondary way
6158,No overtaking for trucks
6159,Main road
6160,Main road
6161,Turn left
6162,Snow
6163,Roadwork
6164,Other dangerous
6165,120 km/h
6166,Give way
6167,Only left
6168,Brock
6169,Brock
6170,Take right
6171,30 km/h
6172,No overtaking
6173,60 km/h
6174,Take right
6175,No overtaking
6176,Take right
6177,30 km/h
6178,Give way
6179,Only straight and right
6180,100 km/h
6181,80 km/h
6182,Give way
6183,Give way
6184,Give way
6185,Slippery road
6186,100 km/h
6187,70 km/h
6188,No overtaking
6189,Road up
6190,Take right
6191,80 km/h
6192,No overtaking
6193,No overtaking
6194,Only right
6195,80 km/h
6196,Only straight
6197,Main road
6198,Main road
6199,Turn left
6200,80 km/h
6201,No overtaking
6202,Deer
6203,Main road
6204,100 km/h
6205,Give way
6206,Other dangerous
6207,Main road
6208,Deer
6209,Take right
6210,Traffic light
6211,Only straight
6212,Circle crossroad
6213,No overtaking for trucks
6214,Other dangerous
6215,50 km/h
6216,70 km/h
6217,Brock
6218,Children
6219,No overtaking
6220,60 km/h
6221,120 km/h
6222,Roadwork
6223,Crossroad with secondary way
6224,70 km/h
6225,Take right
6226,Take right
6227,End of overtaking limit for truck
6228,Road up
6229,100 km/h
6230,Main road
6231,Only straight and right
6232,Road up
6233,Deer
6234,Circle crossroad
6235,Slippery road
6236,100 km/h
6237,Crossroad with secondary way
6238,Give way
6239,Bike
6240,Give way
6241,Crossroad with secondary way
6242,End of overtaking limit for truck
6243,Take right
6244,20 km/h
6245,No overtaking
6246,Give way
6247,30 km/h
6248,80 km/h end
6249,Other dangerous
6250,30 km/h
6251,Snow
6252,Other dangerous
6253,80 km/h
6254,Road up
6255,No overtaking
6256,Circle crossroad
6257,Stop
6258,Brock
6259,Road up
6260,Circle crossroad
6261,100 km/h
6262,No overtaking
6263,Take right
6264,Give way
6265,Give way
6266,70 km/h
6267,Crossroad with secondary way
6268,Hollow road
6269,80 km/h
6270,Hollow road
6271,Take right
6272,Traffic light
6273,Only straight
6274,Deer
6275,70 km/h
6276,Road up
6277,70 km/h
6278,Slippery road
6279,End of overtaking limit for truck
6280,Take right
6281,80 km/h
6282,Take right
6283,Pedestrian
6284,Only straight
6285,Other dangerous
6286,Crossroad with secondary way
6287,100 km/h
6288,60 km/h
6289,Take right
6290,Road up
6291,30 km/h
6292,80 km/h end
6293,100 km/h
6294,Circle crossroad
6295,No overtaking for trucks
6296,Snow
6297,No overtaking
6298,50 km/h
6299,Deer
6300,Slippery road
6301,100 km/h
6302,No overtaking for trucks
6303,Narrowing road
6304,Only straight
6305,Narrowing road
6306,No overtaking
6307,Only straight
6308,Roadwork
6309,80 km/h end
6310,Roadwork
6311,Other dangerous
6312,Only straight and right
6313,Give way
6314,100 km/h
6315,Only straight
6316,Crossroad with secondary way
6317,60 km/h
6318,Only straight
6319,End of overtaking limit for truck
6320,Winding road
6321,Slippery road
6322,No overtaking
6323,100 km/h
6324,80 km/h end
6325,Crossroad with secondary way
6326,Slippery road
6327,Give way
6328,70 km/h
6329,Road up
6330,Deer
6331,End of overtaking limit for truck
6332,Brock
6333,Turn right
6334,80 km/h
6335,Main road
6336,Give way
6337,No overtaking
6338,Hollow road
6339,Other dangerous
6340,120 km/h
6341,Slippery road
6342,Traffic light
6343,100 km/h
6344,100 km/h
6345,Other dangerous
6346,Brock
6347,80 km/h end
6348,100 km/h
6349,Give way
6350,Brock
6351,80 km/h end
6352,Roadwork
6353,Slippery road
6354,Brock
6355,Give way
6356,Main road
6357,60 km/h
6358,Only left
6359,Take right
6360,Give way
6361,Give way
6362,Turn left
6363,100 km/h
6364,Main road
6365,Roadwork
6366,Turn right
6367,80 km/h
6368,Main road
6369,Main road
6370,Give way
6371,No overtaking
6372,20 km/h
6373,Give way
6374,Main road
6375,80 km/h
6376,Slippery road
6377,30 km/h
6378,70 km/h
6379,100 km/h
6380,100 km/h
6381,60 km/h
6382,Circle crossroad
6383,Only straight
6384,60 km/h
6385,No overtaking for trucks
6386,Only right
6387,Main road
6388,No overtaking
6389,Take right
6390,Only straight
6391,No overtaking for trucks
6392,Give way
6393,Roadwork
6394,Take right
6395,Deer
6396,50 km/h
6397,Main road
6398,Main road
6399,70 km/h
6400,120 km/h
6401,Other dangerous
6402,No overtaking
6403,80 km/h
6404,Give way
6405,Children
6406,30 km/h
6407,Children
6408,Children
6409,Brock
6410,60 km/h
6411,Only straight and right
6412,Only right
6413,120 km/h
6414,Snow
6415,Take right
6416,Stop
6417,50 km/h
6418,Turn right
6419,120 km/h
6420,100 km/h
6421,Slippery road
6422,60 km/h
6423,60 km/h
6424,Crossroad with secondary way
6425,30 km/h
6426,120 km/h
6427,Crossroad with secondary way
6428,Roadwork
6429,Crossroad with secondary way
6430,Crossroad with secondary way
6431,60 km/h
6432,100 km/h
6433,100 km/h
6434,No overtaking
6435,Winding road
6436,Main road
6437,Turn left
6438,Crossroad with secondary way
6439,60 km/h
6440,Bike
6441,Other dangerous
6442,No overtaking
6443,Deer
6444,80 km/h end
6445,50 km/h
6446,No overtaking for trucks
6447,Road up for truck
6448,70 km/h
6449,80 km/h
6450,80 km/h
6451,50 km/h
6452,100 km/h
6453,80 km/h
6454,Only left
6455,No overtaking
6456,Crossroad with secondary way
6457,100 km/h
6458,Other dangerous
6459,60 km/h
6460,No overtaking
6461,Other dangerous
6462,70 km/h
6463,Road up
6464,Brock
6465,Only right
6466,Roadwork
6467,Slippery road
6468,80 km/h
6469,Brock
6470,Roadwork
6471,Bike
6472,100 km/h
6473,Crossroad with secondary way
6474,Give way
6475,100 km/h
6476,Crossroad with secondary way
6477,Roadwork
6478,Bike
6479,Road up for truck
6480,End of overtaking limit for truck
6481,100 km/h
6482,100 km/h
6483,100 km/h
6484,Deer
6485,Give way
6486,50 km/h
6487,Only right
6488,Crossroad with secondary way
6489,No overtaking
6490,Deer
6491,Give way
6492,Crossroad with secondary way
6493,Only straight and left
6494,Take left
6495,20 km/h
6496,Only right
6497,100 km/h
6498,Give way
6499,100 km/h
6500,Give way
6501,80 km/h
6502,Hollow road
6503,80 km/h
6504,Main road
6505,Give way
6506,No overtaking
6507,Take right
6508,60 km/h
6509,70 km/h
6510,Only left
6511,30 km/h
6512,Brock
6513,Other dangerous
6514,Other dangerous
6515,100 km/h
6516,100 km/h
6517,70 km/h
6518,Slippery road
6519,70 km/h
6520,Only straight
6521,No overtaking
6522,Take right
6523,80 km/h
6524,Snow
6525,80 km/h
6526,Take right
6527,80 km/h end
6528,Give way
6529,70 km/h
6530,80 km/h
6531,70 km/h
6532,100 km/h
6533,Slippery road
6534,30 km/h
6535,30 km/h
6536,Other dangerous
6537,Roadwork
6538,Main road
6539,No overtaking for trucks
6540,Turn left
6541,30 km/h
6542,End of the limits
6543,Main road
6544,Circle crossroad
6545,Circle crossroad
6546,End of the limits
6547,Other dangerous
6548,100 km/h
6549,Main road
6550,50 km/h
6551,No overtaking
6552,80 km/h end
6553,Give way
6554,Only right
6555,Brock
6556,60 km/h
6557,Brock
6558,100 km/h
6559,End of the limits
6560,Give way
6561,Stop
6562,Brock
6563,100 km/h
6564,100 km/h
6565,60 km/h
6566,100 km/h
6567,Crossroad with secondary way
6568,Slippery road
6569,Roadwork
6570,70 km/h
6571,120 km/h
6572,Main road
6573,50 km/h
6574,120 km/h
6575,70 km/h
6576,Road up
6577,80 km/h
6578,Other dangerous
6579,100 km/h
6580,Brock
6581,Other dangerous
6582,50 km/h
6583,100 km/h
6584,Main road
6585,100 km/h
6586,Take left
6587,100 km/h
6588,No overtaking
6589,Give way
6590,Take right
6591,80 km/h end
6592,Slippery road
6593,Give way
6594,70 km/h
6595,Take right
6596,100 km/h
6597,Take left
6598,Take right
6599,100 km/h
6600,100 km/h
6601,Take right
6602,End of overtaking limit
6603,No overtaking
6604,120 km/h
6605,Only left
6606,Bike
6607,80 km/h
6608,End of overtaking limit for truck
6609,70 km/h
6610,Children
6611,Take right
6612,Take right
6613,100 km/h
6614,Main road
6615,Winding road
6616,Deer
6617,Traffic light
6618,End of overtaking limit for truck
6619,No overtaking for trucks
6620,80 km/h
6621,Turn left
6622,Deer
6623,70 km/h
6624,70 km/h
6625,Brock
6626,Roadwork
6627,Crossroad with secondary way
6628,Crossroad with secondary way
6629,Main road
6630,Stop
6631,30 km/h
6632,Narrowing road
6633,80 km/h
6634,Take right
6635,End of overtaking limit for truck
6636,Only right
6637,80 km/h
6638,100 km/h
6639,Narrowing road
6640,70 km/h
6641,No overtaking
6642,Give way
6643,Slippery road
6644,Only straight and right
6645,100 km/h
6646,Take right
6647,Narrowing road
6648,100 km/h
6649,No overtaking for trucks
6650,No overtaking
6651,Only straight
6652,30 km/h
6653,Main road
6654,Give way
6655,Traffic light
6656,Stop
6657,Roadwork
6658,End of overtaking limit for truck
6659,100 km/h
6660,70 km/h
6661,30 km/h
6662,Only straight and right
6663,100 km/h
6664,Deer
6665,Stop
6666,60 km/h
6667,Main road
6668,30 km/h
6669,No overtaking
6670,Take right
6671,120 km/h
6672,Slippery road
6673,End of overtaking limit for truck
6674,Main road
6675,30 km/h
6676,Give way
6677,Roadwork
6678,120 km/h
6679,Main road
6680,Only left
6681,Give way
6682,Pedestrian
6683,Snow
6684,Deer
6685,Road up
6686,100 km/h
6687,Only straight
6688,Give way
6689,Only left
6690,No overtaking
6691,Only straight
6692,100 km/h
6693,No overtaking
6694,60 km/h
6695,Take right
6696,Traffic light
6697,No overtaking for trucks
6698,Stop
6699,Narrowing road
6700,Stop
6701,Traffic light
6702,Only right
6703,Only straight
6704,30 km/h
6705,Pedestrian
6706,80 km/h
6707,No overtaking
6708,Only straight
6709,No overtaking
6710,Main road
6711,Crossroad with secondary way
6712,80 km/h
6713,Slippery road
6714,Road up
6715,Other dangerous
6716,30 km/h
6717,70 km/h
6718,Main road
6719,Take right
6720,Stop
6721,Only straight
6722,100 km/h
6723,End of overtaking limit for truck
6724,Turn left
6725,Slippery road
6726,Deer
6727,Roadwork
6728,60 km/h
6729,Main road
6730,Stop
6731,70 km/h
6732,Snow
6733,Take right
6734,50 km/h
6735,100 km/h
6736,30 km/h
6737,70 km/h
6738,120 km/h
6739,80 km/h end
6740,No overtaking for trucks
6741,Traffic light
6742,No overtaking for trucks
6743,30 km/h
6744,Give way
6745,Children
6746,No overtaking for trucks
6747,Only straight and right
6748,Slippery road
6749,Crossroad with secondary way
6750,Give way
6751,No overtaking
6752,Main road
6753,No overtaking
6754,Give way
6755,80 km/h
6756,100 km/h
6757,Hollow road
6758,Main road
6759,Deer
6760,Give way
6761,30 km/h
6762,Give way
6763,Other dangerous
6764,80 km/h end
6765,Bike
6766,Brock
6767,No overtaking
6768,120 km/h
6769,End of overtaking limit for truck
6770,60 km/h
6771,Traffic light
6772,100 km/h
6773,Main road
6774,Other dangerous
6775,No overtaking
6776,50 km/h
6777,No overtaking for trucks
6778,120 km/h
6779,Deer
6780,Take right
6781,80 km/h
6782,Traffic light
6783,Roadwork
6784,Main road
6785,Stop
6786,60 km/h
6787,60 km/h
6788,Snow
6789,Pedestrian
6790,80 km/h
6791,No overtaking for trucks
6792,No overtaking
6793,Brock
6794,Main road
6795,Winding road
6796,Slippery road
6797,Only right
6798,No overtaking
6799,100 km/h
6800,70 km/h
6801,Other dangerous
6802,Road up for truck
6803,Take right
6804,Crossroad with secondary way
6805,No overtaking
6806,100 km/h
6807,Stop
6808,End of overtaking limit
6809,Main road
6810,Roadwork
6811,Main road
6812,30 km/h
6813,Take right
6814,Brock
6815,Traffic light
6816,Only left
6817,70 km/h
6818,20 km/h
6819,Children
6820,80 km/h
6821,No overtaking for trucks
6822,Snow
6823,Give way
6824,80 km/h
6825,100 km/h
6826,Traffic light
6827,Main road
6828,70 km/h
6829,70 km/h
6830,Main road
6831,100 km/h
6832,70 km/h
6833,100 km/h
6834,70 km/h
6835,Stop
6836,80 km/h end
6837,Only left
6838,30 km/h
6839,Stop
6840,Only left
6841,Snow
6842,Take right
6843,80 km/h end
6844,70 km/h
6845,80 km/h
6846,100 km/h
6847,Deer
6848,80 km/h end
6849,100 km/h
6850,End of overtaking limit for truck
6851,Other dangerous
6852,Deer
6853,Snow
6854,Hollow road
6855,Roadwork
6856,Other dangerous
6857,Main road
6858,Stop
6859,No overtaking
6860,100 km/h
6861,Roadwork
6862,Take right
6863,Deer
6864,50 km/h
6865,80 km/h end
6866,Give way
6867,Main road
6868,120 km/h
6869,30 km/h
6870,Take right
6871,70 km/h
6872,No overtaking
6873,Roadwork
6874,Other dangerous
6875,30 km/h
6876,Snow
6877,80 km/h
6878,Crossroad with secondary way
6879,100 km/h
6880,Brock
6881,Road up for truck
6882,Only right
6883,Stop
6884,No overtaking
6885,Traffic light
6886,Take right
6887,Road up for truck
6888,Brock
6889,Slippery road
6890,Brock
6891,80 km/h
6892,Brock
6893,Take right
6894,Winding road
6895,No overtaking for trucks
6896,100 km/h
6897,Crossroad with secondary way
6898,No overtaking
6899,70 km/h
6900,Take right
6901,Roadwork
6902,70 km/h
6903,End of the limits
6904,Crossroad with secondary way
6905,Main road
6906,60 km/h
6907,70 km/h
6908,60 km/h
6909,Take right
6910,No overtaking
6911,End of overtaking limit for truck
6912,Give way
6913,End of overtaking limit
6914,60 km/h
6915,Give way
6916,Crossroad with secondary way
6917,Give way
6918,50 km/h
6919,120 km/h
6920,Give way
6921,100 km/h
6922,100 km/h
6923,Pedestrian
6924,80 km/h end
6925,20 km/h
6926,70 km/h
6927,Winding road
6928,30 km/h
6929,Only straight and right
6930,Main road
6931,Winding road
6932,30 km/h
6933,Only straight
6934,Traffic light
6935,Roadwork
6936,Brock
6937,No overtaking
6938,Take right
6939,Take right
6940,80 km/h
6941,60 km/h
6942,Deer
6943,Take right
6944,No overtaking
6945,Brock
6946,No overtaking
6947,Give way
6948,100 km/h
6949,Main road
6950,No overtaking for trucks
6951,70 km/h
6952,80 km/h end
6953,Only right
6954,Main road
6955,Traffic light
6956,100 km/h
6957,70 km/h
6958,Roadwork
6959,80 km/h
6960,End of overtaking limit for truck
6961,100 km/h
6962,30 km/h
6963,50 km/h
6964,Take left
6965,Road up for truck
6966,100 km/h
6967,Give way
6968,30 km/h
6969,Brock
6970,End of the limits
6971,Circle crossroad
6972,70 km/h
6973,Main road
6974,30 km/h
6975,80 km/h end
6976,Crossroad with secondary way
6977,No overtaking
6978,60 km/h
6979,120 km/h
6980,100 km/h
6981,Only right
6982,Main road
6983,80 km/h
6984,Main road
6985,Main road
6986,End of overtaking limit
6987,No overtaking for trucks
6988,Main road
6989,Only straight
6990,Only right
6991,Slippery road
6992,80 km/h
6993,Crossroad with secondary way
6994,Winding road
6995,Slippery road
6996,80 km/h
6997,Hollow road
6998,Give way
6999,Main road
7000,50 km/h
7001,80 km/h
7002,Circle crossroad
7003,Main road
7004,30 km/h
7005,Narrowing road
7006,Give way
7007,Only straight
7008,Give way
7009,Narrowing road
7010,Brock
7011,100 km/h
7012,120 km/h
7013,No overtaking for trucks
7014,60 km/h
7015,Only left
7016,30 km/h
7017,End of overtaking limit for truck
7018,100 km/h
7019,No overtaking
7020,70 km/h
7021,20 km/h
7022,100 km/h
7023,Brock
7024,80 km/h end
7025,Give way
7026,Bike
7027,Narrowing road
7028,Only straight
7029,Brock
7030,100 km/h
7031,80 km/h
7032,Other dangerous
7033,50 km/h
7034,80 km/h end
7035,No overtaking
7036,Road up
7037,100 km/h
7038,No overtaking
7039,50 km/h
7040,Traffic light
7041,100 km/h
7042,Main road
7043,Pedestrian
7044,60 km/h
7045,Main road
7046,Give way
7047,100 km/h
7048,Only right
7049,Take right
7050,Traffic light
7051,50 km/h
7052,Narrowing road
7053,80 km/h
7054,No overtaking
7055,30 km/h
7056,100 km/h
7057,Hollow road
7058,Brock
7059,Brock
7060,50 km/h
7061,Slippery road
7062,Crossroad with secondary way
7063,Brock
7064,30 km/h
7065,Give way
7066,Brock
7067,30 km/h
7068,60 km/h
7069,Turn right
7070,80 km/h
7071,100 km/h
7072,Turn right
7073,30 km/h
7074,No overtaking
7075,70 km/h
7076,End of overtaking limit for truck
7077,100 km/h
7078,Take right
7079,Give way
7080,60 km/h
7081,60 km/h
7082,Deer
7083,80 km/h
7084,100 km/h
7085,Deer
7086,60 km/h
7087,Only straight
7088,80 km/h
7089,Take right
7090,Stop
7091,Hollow road
7092,Only straight and left
7093,Main road
7094,Only right
7095,30 km/h
7096,Slippery road
7097,Snow
7098,No overtaking
7099,No overtaking
7100,No overtaking
7101,70 km/h
7102,100 km/h
7103,Stop
7104,Road up for truck
7105,Road up
7106,Main road
7107,Crossroad with secondary way
7108,30 km/h
7109,Take right
7110,Main road
7111,Brock
7112,80 km/h
7113,Slippery road
7114,Turn right
7115,Main road
7116,Slippery road
7117,100 km/h
7118,Crossroad with secondary way
7119,Only straight and right
7120,Circle crossroad
7121,No overtaking
7122,50 km/h
7123,70 km/h
7124,50 km/h
7125,No overtaking
7126,Only straight and right
7127,100 km/h
7128,Only straight and right
7129,No overtaking
7130,Road up for truck
7131,Bike
7132,Pedestrian
7133,100 km/h
7134,Take right
7135,Roadwork
7136,Brock
7137,Crossroad with secondary way
7138,Traffic light
7139,Deer
7140,Main road
7141,No overtaking for trucks
7142,Only straight and left
7143,Snow
7144,100 km/h
7145,30 km/h
7146,70 km/h
7147,80 km/h
7148,120 km/h
7149,Take right
7150,80 km/h
7151,70 km/h
7152,100 km/h
7153,Turn right
7154,Take right
7155,120 km/h
7156,Main road
7157,Traffic light
7158,Other dangerous
7159,100 km/h
7160,Circle crossroad
7161,Only left
7162,Main road
7163,Give way
7164,Give way
7165,Only straight and right
7166,No overtaking
7167,No overtaking for trucks
7168,Main road
7169,100 km/h
7170,Take right
7171,Deer
7172,Only straight
7173,60 km/h
7174,Main road
7175,No overtaking
7176,50 km/h
7177,Road up
7178,30 km/h
7179,Main road
7180,Traffic light
7181,Stop
7182,End of the limits
7183,Give way
7184,Narrowing road
7185,Deer
7186,Main road
7187,30 km/h
7188,100 km/h
7189,80 km/h end
7190,Road up
7191,End of overtaking limit for truck
7192,Stop
7193,Only straight
7194,Only straight and left
7195,Stop
7196,Traffic light
7197,100 km/h
7198,Take right
7199,Hollow road
7200,Main road
7201,Brock
7202,Other dangerous
7203,Only straight
7204,No overtaking for trucks
7205,Road up for truck
7206,Road up
7207,Main road
7208,50 km/h
7209,End of overtaking limit
7210,70 km/h
7211,Only left
7212,Crossroad with secondary way
7213,Take right
7214,Traffic light
7215,Give way
7216,Give way
7217,70 km/h
7218,No overtaking
7219,70 km/h
7220,Give way
7221,Only straight
7222,60 km/h
7223,100 km/h
7224,80 km/h end
7225,Take right
7226,Turn right
7227,Only straight and left
7228,No overtaking
7229,Traffic light
7230,Road up
7231,Give way
7232,Give way
7233,60 km/h
7234,30 km/h
7235,Main road
7236,100 km/h
7237,Traffic light
7238,Slippery road
7239,80 km/h
7240,100 km/h
7241,100 km/h
7242,Give way
7243,Main road
7244,Take right
7245,Only right
7246,80 km/h
7247,120 km/h
7248,Main road
7249,100 km/h
7250,Give way
7251,No overtaking for trucks
7252,Only right
7253,100 km/h
7254,120 km/h
7255,120 km/h
7256,Only right
7257,70 km/h
7258,Take right
7259,30 km/h
7260,80 km/h end
7261,Road up
7262,Winding road
7263,60 km/h
7264,30 km/h
7265,Brock
7266,Road up
7267,Take right
7268,Main road
7269,Take left
7270,50 km/h
7271,80 km/h end
7272,Take right
7273,Turn left
7274,Take right
7275,Only straight
7276,Main road
7277,Take right
7278,80 km/h
7279,End of overtaking limit for truck
7280,End of overtaking limit
7281,80 km/h end
7282,Other dangerous
7283,Main road
7284,Only straight and left
7285,80 km/h
7286,80 km/h end
7287,80 km/h
7288,80 km/h
7289,100 km/h
7290,80 km/h
7291,Main road
7292,Take right
7293,100 km/h
7294,Slippery road
7295,No overtaking
7296,Give way
7297,80 km/h
7298,50 km/h
7299,50 km/h
7300,70 km/h
7301,Other dangerous
7302,80 km/h end
7303,Pedestrian
7304,Only straight
7305,80 km/h end
7306,Slippery road
7307,80 km/h
7308,Take right
7309,80 km/h
7310,Give way
7311,Only left
7312,50 km/h
7313,Give way
7314,Deer
7315,120 km/h
7316,Give way
7317,Roadwork
7318,80 km/h
7319,Circle crossroad
7320,60 km/h
7321,60 km/h
7322,Take left
7323,100 km/h
7324,30 km/h
7325,Deer
7326,80 km/h
7327,Road up
7328,100 km/h
7329,60 km/h
7330,Brock
7331,30 km/h
7332,Take right
7333,80 km/h
7334,60 km/h
7335,Hollow road
7336,No overtaking
7337,Main road
7338,60 km/h
7339,80 km/h end
7340,Main road
7341,80 km/h end
7342,80 km/h end
7343,Deer
7344,80 km/h
7345,80 km/h
7346,60 km/h
7347,Circle crossroad
7348,Only straight
7349,Roadwork
7350,80 km/h
7351,No overtaking
7352,Deer
7353,Bike
7354,80 km/h
7355,Main road
7356,No overtaking
7357,Brock
7358,End of the limits
7359,80 km/h end
7360,End of overtaking limit for truck
7361,Main road
7362,Crossroad with secondary way
7363,100 km/h
7364,80 km/h
7365,Give way
7366,100 km/h
7367,100 km/h
7368,Other dangerous
7369,Hollow road
7370,Deer
7371,Take right
7372,Turn right
7373,50 km/h
7374,80 km/h end
7375,Give way
7376,End of overtaking limit
7377,Take right
7378,100 km/h
7379,60 km/h
7380,Brock
7381,No overtaking
7382,30 km/h
7383,80 km/h end
7384,End of overtaking limit for truck
7385,No overtaking
7386,Main road
7387,80 km/h
7388,Only left
7389,70 km/h
7390,80 km/h
7391,Take right
7392,Main road
7393,100 km/h
7394,Main road
7395,Crossroad with secondary way
7396,Take right
7397,Traffic light
7398,Give way
7399,Only straight and left
7400,120 km/h
7401,80 km/h
7402,Narrowing road
7403,70 km/h
7404,70 km/h
7405,Only left
7406,End of overtaking limit for truck
7407,Stop
7408,100 km/h
7409,Brock
7410,Brock
7411,50 km/h
7412,Main road
7413,Other dangerous
7414,50 km/h
7415,50 km/h
7416,Road up
7417,Stop
7418,Stop
7419,Pedestrian
7420,Take right
7421,Only straight
7422,Bike
7423,Give way
7424,Hollow road
7425,70 km/h
7426,Narrowing road
7427,100 km/h
7428,Give way
7429,No overtaking
7430,60 km/h
7431,70 km/h
7432,Road up for truck
7433,Main road
7434,Deer
7435,Brock
7436,Traffic light
7437,Main road
7438,80 km/h
7439,30 km/h
7440,Deer
7441,Brock
7442,Only straight
7443,Circle crossroad
7444,70 km/h
7445,Give way
7446,Main road
7447,Crossroad with secondary way
7448,Road up
7449,Brock
7450,Crossroad with secondary way
7451,Crossroad with secondary way
7452,Only left
7453,100 km/h
7454,Give way
7455,Crossroad with secondary way
7456,100 km/h
7457,Traffic light
7458,Give way
7459,60 km/h
7460,100 km/h
7461,Give way
7462,Road up for truck
7463,100 km/h
7464,Give way
7465,Crossroad with secondary way
7466,Main road
7467,Take right
7468,60 km/h
7469,80 km/h
7470,100 km/h
7471,60 km/h
7472,80 km/h
7473,100 km/h
7474,Other dangerous
7475,Take right
7476,Circle crossroad
7477,End of overtaking limit for truck
7478,Crossroad with secondary way
7479,Other dangerous
7480,Slippery road
7481,50 km/h
7482,50 km/h
7483,No overtaking
7484,Only straight
7485,No overtaking
7486,100 km/h
7487,70 km/h
7488,Circle crossroad
7489,70 km/h
7490,Take right
7491,120 km/h
7492,70 km/h
7493,Bike
7494,Road up
7495,Main road
7496,Circle crossroad
7497,100 km/h
7498,70 km/h
7499,80 km/h end
7500,Brock
7501,No overtaking for trucks
7502,100 km/h
7503,Road up
7504,No overtaking
7505,100 km/h
7506,80 km/h
7507,Narrowing road
7508,Road up
7509,Give way
7510,Crossroad with secondary way
7511,Other dangerous
7512,Main road
7513,Only right
7514,Take right
7515,Only straight and left
7516,Give way
7517,60 km/h
7518,100 km/h
7519,End of overtaking limit for truck
7520,80 km/h end
7521,Roadwork
7522,Slippery road
7523,100 km/h
7524,30 km/h
7525,30 km/h
7526,Only straight and right
7527,Roadwork
7528,60 km/h
7529,Only straight and right
7530,80 km/h
7531,Crossroad with secondary way
7532,Brock
7533,Give way
7534,Brock
7535,100 km/h
7536,Crossroad with secondary way
7537,30 km/h
7538,Main road
7539,Other dangerous
7540,Road up for truck
7541,Brock
7542,Take right
7543,Brock
7544,Only straight
7545,70 km/h
7546,Only right
7547,Give way
7548,Give way
7549,100 km/h
7550,60 km/h
7551,Children
7552,Roadwork
7553,30 km/h
7554,Brock
7555,Slippery road
7556,30 km/h
7557,Deer
7558,Only right
7559,60 km/h
7560,Brock
7561,Road up for truck
7562,Road up for truck
7563,Crossroad with secondary way
7564,100 km/h
7565,Take right
7566,30 km/h
7567,Take right
7568,100 km/h
7569,Crossroad with secondary way
7570,No overtaking
7571,100 km/h
7572,Take right
7573,Take right
7574,Main road
7575,80 km/h
7576,Only straight
7577,Crossroad with secondary way
7578,End of overtaking limit
7579,Take left
7580,Slippery road
7581,Only straight
7582,Snow
7583,80 km/h end
7584,30 km/h
7585,Snow
7586,Brock
7587,Crossroad with secondary way
7588,80 km/h end
7589,30 km/h
7590,Circle crossroad
7591,30 km/h
7592,80 km/h end
7593,Take right
7594,Only straight
7595,Give way
7596,60 km/h
7597,Snow
7598,No overtaking
7599,70 km/h
7600,Give way
7601,80 km/h
7602,80 km/h
7603,120 km/h
7604,End of overtaking limit for truck
7605,Road up
7606,30 km/h
7607,50 km/h
7608,Take right
7609,Take right
7610,Take right
7611,Only straight and left
7612,Roadwork
7613,80 km/h
7614,80 km/h end
7615,Take right
7616,No overtaking
7617,70 km/h
7618,80 km/h
7619,100 km/h
7620,End of overtaking limit for truck
7621,Main road
7622,100 km/h
7623,100 km/h
7624,70 km/h
7625,100 km/h
7626,Only straight
7627,100 km/h
7628,50 km/h
7629,Roadwork
7630,Roadwork
7631,Main road
7632,Roadwork
7633,80 km/h
7634,Give way
7635,80 km/h
7636,Turn right
7637,Slippery road
7638,30 km/h
7639,Deer
7640,80 km/h end
7641,70 km/h
7642,60 km/h
7643,Other dangerous
7644,Give way
7645,70 km/h
7646,Deer
7647,70 km/h
7648,30 km/h
7649,70 km/h
7650,Road up
7651,No overtaking
7652,Traffic light
7653,Give way
7654,No overtaking for trucks
7655,Only left
7656,End of overtaking limit
7657,120 km/h
7658,Turn right
7659,No overtaking
7660,Give way
7661,80 km/h
7662,Stop
7663,Roadwork
7664,Hollow road
7665,No overtaking
7666,Only right
7667,Children
7668,End of overtaking limit for truck
7669,Deer
7670,60 km/h
7671,Brock
7672,30 km/h
7673,Deer
7674,Roadwork
7675,Give way
7676,80 km/h end
7677,Main road
7678,Only left
7679,60 km/h
7680,Main road
7681,Other dangerous
7682,Brock
7683,80 km/h
7684,Only straight
7685,Roadwork
7686,Only straight and left
7687,100 km/h
7688,100 km/h
7689,120 km/h
7690,Take right
7691,80 km/h
7692,Take right
7693,No overtaking
7694,Give way
7695,100 km/h
7696,100 km/h
7697,Crossroad with secondary way
7698,80 km/h
7699,80 km/h end
7700,Stop
7701,No overtaking for trucks
7702,Snow
7703,End of overtaking limit for truck
7704,No overtaking
7705,Take right
7706,30 km/h
7707,No overtaking for trucks
7708,80 km/h
7709,70 km/h
7710,100 km/h
7711,Snow
7712,50 km/h
7713,Slippery road
7714,100 km/h
7715,80 km/h
7716,Brock
7717,Only straight
7718,Crossroad with secondary way
7719,Give way
7720,80 km/h
7721,No overtaking
7722,No overtaking
7723,100 km/h
7724,30 km/h
7725,Turn right
7726,Deer
7727,Other dangerous
7728,Slippery road
7729,Road up for truck
7730,Bike
7731,Slippery road
7732,Crossroad with secondary way
7733,Only right
7734,100 km/h
7735,Main road
7736,Only right
7737,Give way
7738,Turn left
7739,Road up
7740,30 km/h
7741,Give way
7742,80 km/h
7743,100 km/h
7744,End of the limits
7745,Give way
7746,Other dangerous
7747,100 km/h
7748,80 km/h end
7749,100 km/h
7750,No overtaking for trucks
7751,Main road
7752,80 km/h
7753,Give way
7754,No overtaking
7755,100 km/h
7756,80 km/h
7757,100 km/h
7758,Turn right
7759,Take right
7760,Only left
7761,Only right
7762,80 km/h end
7763,Slippery road
7764,Pedestrian
7765,Give way
7766,80 km/h
7767,End of overtaking limit for truck
7768,Brock
7769,Turn right
7770,80 km/h
7771,60 km/h
7772,30 km/h
7773,80 km/h end
7774,No overtaking
7775,70 km/h
7776,50 km/h
7777,No overtaking
7778,Only straight
7779,100 km/h
7780,Crossroad with secondary way
7781,Stop
7782,Roadwork
7783,Deer
7784,Deer
7785,Crossroad with secondary way
7786,Turn right
7787,Give way
7788,Road up
7789,End of overtaking limit for truck
7790,Road up
7791,80 km/h end
7792,Crossroad with secondary way
7793,Only straight and left
7794,70 km/h
7795,Take right
7796,Crossroad with secondary way
7797,Road up
7798,30 km/h
7799,60 km/h
7800,Give way
7801,Only right
7802,30 km/h
7803,Other dangerous
7804,Brock
7805,Road up
7806,60 km/h
7807,Only right
7808,Road up
7809,Give way
7810,Road up for truck
7811,Traffic light
7812,Take right
7813,Give way
7814,Take right
7815,No overtaking for trucks
7816,No overtaking for trucks
7817,20 km/h
7818,30 km/h
7819,70 km/h
7820,70 km/h
7821,Give way
7822,60 km/h
7823,Take right
7824,End of overtaking limit for truck
7825,Only straight
7826,Road up
7827,120 km/h
7828,60 km/h
7829,100 km/h
7830,80 km/h
7831,No overtaking for trucks
7832,Crossroad with secondary way
7833,Only straight and right
7834,100 km/h
7835,Take right
7836,100 km/h
7837,100 km/h
7838,60 km/h
7839,Road up for truck
7840,Take right
7841,Take right
7842,70 km/h
7843,Take right
7844,Crossroad with secondary way
7845,Roadwork
7846,Other dangerous
7847,80 km/h
7848,80 km/h
7849,Only straight and left
7850,Stop
7851,30 km/h
7852,80 km/h
7853,Narrowing road
7854,80 km/h end
7855,End of overtaking limit for truck
7856,80 km/h
7857,Deer
7858,Slippery road
7859,80 km/h
7860,70 km/h
7861,Snow
7862,70 km/h
7863,100 km/h
7864,100 km/h
7865,60 km/h
7866,Only right
7867,Crossroad with secondary way
7868,Main road
7869,No overtaking
7870,Crossroad with secondary way
7871,End of overtaking limit for truck
7872,80 km/h
7873,100 km/h
7874,80 km/h
7875,End of overtaking limit for truck
7876,Roadwork
7877,Deer
7878,Brock
7879,Only left
7880,Traffic light
7881,Hollow road
7882,80 km/h end
7883,Only straight and left
7884,70 km/h
7885,Only straight
7886,Snow
7887,Snow
7888,Give way
7889,No overtaking
7890,Roadwork
7891,80 km/h
7892,Narrowing road
7893,Give way
7894,Bike
7895,Crossroad with secondary way
7896,Take right
7897,Slippery road
7898,Only right
7899,Take right
7900,120 km/h
7901,Narrowing road
7902,Take right
7903,Traffic light
7904,100 km/h
7905,Only straight
7906,80 km/h
7907,Traffic light
7908,100 km/h
7909,Only straight
7910,Road up
7911,Main road
7912,Give way
7913,100 km/h
7914,Take right
7915,Take right
7916,Brock
7917,No overtaking
7918,Winding road
7919,30 km/h
7920,Take right
7921,Crossroad with secondary way
7922,70 km/h
7923,100 km/h
7924,Crossroad with secondary way
7925,Other dangerous
7926,80 km/h end
7927,Take right
7928,Main road
7929,Brock
7930,End of overtaking limit for truck
7931,80 km/h
7932,30 km/h
7933,Road up for truck
7934,Take right
7935,60 km/h
7936,Crossroad with secondary way
7937,80 km/h
7938,End of overtaking limit for truck
7939,80 km/h
7940,Take right
7941,Main road
7942,100 km/h
7943,No overtaking
7944,Main road
7945,80 km/h end
7946,Take right
7947,Circle crossroad
7948,20 km/h
7949,70 km/h
7950,80 km/h end
7951,Deer
7952,Only straight
7953,Only straight
7954,Take right
7955,No overtaking
7956,Crossroad with secondary way
7957,Other dangerous
7958,60 km/h
7959,Take right
7960,Give way
7961,Only straight and right
7962,Traffic light
7963,50 km/h
7964,Slippery road
7965,Only right
7966,70 km/h
7967,Traffic light
7968,Main road
7969,100 km/h
7970,No overtaking for trucks
7971,Only right
7972,Only right
7973,Take left
7974,Give way
7975,Give way
7976,30 km/h
7977,Bike
7978,100 km/h
7979,80 km/h
7980,Give way
7981,Roadwork
7982,Deer
7983,100 km/h
7984,Main road
7985,80 km/h
7986,100 km/h
7987,Snow
7988,Only straight and right
7989,100 km/h
7990,Main road
7991,70 km/h
7992,Road up
7993,60 km/h
7994,Only straight and right
7995,70 km/h
7996,Deer
7997,Only left
7998,100 km/h
7999,Only right
8000,Give way
8001,No overtaking
8002,Winding road
8003,Deer
8004,50 km/h
8005,Other dangerous
8006,Main road
8007,Give way
8008,80 km/h
8009,No overtaking
8010,100 km/h
8011,60 km/h
8012,Slippery road
8013,Brock
8014,60 km/h
8015,70 km/h
8016,100 km/h
8017,Crossroad with secondary way
8018,60 km/h
8019,Children
8020,Traffic light
8021,Stop
8022,Only straight and right
8023,Other dangerous
8024,100 km/h
8025,80 km/h end
8026,Roadwork
8027,Brock
8028,120 km/h
8029,End of overtaking limit for truck
8030,Turn right
8031,Slippery road
8032,Stop
8033,No overtaking
8034,No overtaking
8035,80 km/h
8036,Circle crossroad
8037,80 km/h
8038,60 km/h
8039,Turn left
8040,No overtaking
8041,Only straight
8042,Deer
8043,80 km/h
8044,30 km/h
8045,80 km/h
8046,100 km/h
8047,End of overtaking limit
8048,Crossroad with secondary way
8049,100 km/h
8050,Only straight
8051,Take right
8052,30 km/h
8053,Take right
8054,Main road
8055,Narrowing road
8056,No overtaking
8057,End of overtaking limit
8058,Road up for truck
8059,Only right
8060,Slippery road
8061,Roadwork
8062,Only straight
8063,Take right
8064,80 km/h end
8065,Main road
8066,50 km/h
8067,Snow
8068,70 km/h
8069,No overtaking for trucks
8070,Only straight and right
8071,Only straight
8072,20 km/h
8073,100 km/h
8074,Give way
8075,80 km/h end
8076,Main road
8077,120 km/h
8078,Brock
8079,Other dangerous
8080,70 km/h
8081,Main road
8082,Crossroad with secondary way
8083,80 km/h
8084,50 km/h
8085,Give way
8086,Turn right
8087,Give way
8088,80 km/h end
8089,Stop
8090,50 km/h
8091,Only straight
8092,Deer
8093,Circle crossroad
8094,End of overtaking limit for truck
8095,70 km/h
8096,Turn right
8097,Slippery road
8098,100 km/h
8099,20 km/h
8100,Deer
8101,Take right
8102,Turn right
8103,End of overtaking limit for truck
8104,No overtaking for trucks
8105,Turn right
8106,No overtaking for trucks
8107,70 km/h
8108,100 km/h
8109,Crossroad with secondary way
8110,30 km/h
8111,No overtaking for trucks
8112,Main road
8113,70 km/h
8114,80 km/h
8115,100 km/h
8116,Main road
8117,Bike
8118,Stop
8119,Stop
8120,Crossroad with secondary way
8121,80 km/h
8122,Deer
8123,Take left
8124,Roadwork
8125,No overtaking
8126,80 km/h
8127,120 km/h
8128,100 km/h
8129,Roadwork
8130,30 km/h
8131,100 km/h
8132,No overtaking
8133,No overtaking
8134,Main road
8135,Stop
8136,Give way
8137,60 km/h
8138,Other dangerous
8139,100 km/h
8140,60 km/h
8141,100 km/h
8142,70 km/h
8143,Main road
8144,Main road
8145,30 km/h
8146,100 km/h
8147,60 km/h
8148,Roadwork
8149,Road up for truck
8150,100 km/h
8151,Road up for truck
8152,70 km/h
8153,Hollow road
8154,Slippery road
8155,Other dangerous
8156,100 km/h
8157,Circle crossroad
8158,Winding road
8159,Take right
8160,Only right
8161,Snow
8162,Traffic light
8163,Main road
8164,70 km/h
8165,Take right
8166,Road up for truck
8167,Circle crossroad
8168,Stop
8169,Give way
8170,Give way
8171,70 km/h
8172,80 km/h
8173,Main road
8174,50 km/h
8175,End of overtaking limit for truck
8176,Crossroad with secondary way
8177,Snow
8178,Give way
8179,Hollow road
8180,Take right
8181,Road up for truck
8182,No overtaking
8183,80 km/h
8184,100 km/h
8185,20 km/h
8186,Deer
8187,30 km/h
8188,Only right
8189,50 km/h
8190,No overtaking
8191,80 km/h end
8192,Take right
8193,100 km/h
8194,Take left
8195,No overtaking for trucks
8196,Main road
8197,No overtaking for trucks
8198,50 km/h
8199,Take right
8200,50 km/h
8201,End of the limits
8202,Traffic light
8203,Turn right
8204,80 km/h
8205,50 km/h
8206,30 km/h
8207,Slippery road
8208,Main road
8209,No overtaking
8210,Other dangerous
8211,Stop
8212,No overtaking
8213,80 km/h
8214,Other dangerous
8215,100 km/h
8216,Only right
8217,80 km/h
8218,80 km/h
8219,Only straight
8220,Take right
8221,Other dangerous
8222,80 km/h
8223,80 km/h end
8224,70 km/h
8225,60 km/h
8226,80 km/h end
8227,30 km/h
8228,Main road
8229,80 km/h
8230,Give way
8231,50 km/h
8232,No overtaking for trucks
8233,50 km/h
8234,Crossroad with secondary way
8235,Crossroad with secondary way
8236,Brock
8237,Slippery road
8238,80 km/h end
8239,Brock
8240,Give way
8241,30 km/h
8242,Winding road
8243,Snow
8244,30 km/h
8245,Only straight and right
8246,No overtaking for trucks
8247,Roadwork
8248,Brock
8249,End of the limits
8250,Pedestrian
8251,80 km/h
8252,100 km/h
8253,Deer
8254,100 km/h
8255,Bike
8256,Turn right
8257,Narrowing road
8258,70 km/h
8259,100 km/h
8260,80 km/h
8261,80 km/h
8262,80 km/h
8263,Only straight
8264,No overtaking for trucks
8265,End of overtaking limit for truck
8266,Take right
8267,No overtaking
8268,100 km/h
8269,Road up
8270,End of the limits
8271,Brock
8272,Only straight
8273,80 km/h end
8274,Slippery road
8275,Main road
8276,Main road
8277,Only right
8278,Pedestrian
8279,Main road
8280,Main road
8281,60 km/h
8282,50 km/h
8283,Only straight and right
8284,No overtaking
8285,Brock
8286,80 km/h
8287,70 km/h
8288,Deer
8289,Road up for truck
8290,Take right
8291,120 km/h
8292,100 km/h
8293,Deer
8294,70 km/h
8295,100 km/h
8296,Road up
8297,Main road
8298,Other dangerous
8299,Take right
8300,100 km/h
8301,80 km/h
8302,70 km/h
8303,80 km/h
8304,30 km/h
8305,Only straight and right
8306,Only straight
8307,Only straight
8308,No overtaking for trucks
8309,Slippery road
8310,Take right
8311,Bike
8312,Snow
8313,No overtaking
8314,70 km/h
8315,100 km/h
8316,Give way
8317,Give way
8318,Deer
8319,20 km/h
8320,Road up for truck
8321,Only right
8322,50 km/h
8323,Main road
8324,Crossroad with secondary way
8325,Turn right
8326,Brock
8327,Take right
8328,Road up for truck
8329,70 km/h
8330,80 km/h
8331,Traffic light
8332,70 km/h
8333,Only straight
8334,No overtaking for trucks
8335,Give way
8336,Other dangerous
8337,100 km/h
8338,Deer
8339,Only straight
8340,No overtaking
8341,Give way
8342,100 km/h
8343,Turn right
8344,Children
8345,Hollow road
8346,100 km/h
8347,Give way
8348,Deer
8349,Main road
8350,No overtaking
8351,Give way
8352,Take left
8353,60 km/h
8354,Snow
8355,50 km/h
8356,50 km/h
8357,End of overtaking limit
8358,No overtaking for trucks
8359,Only right
8360,Road up
8361,70 km/h
8362,50 km/h
8363,20 km/h
8364,Only left
8365,Take right
8366,Only straight
8367,Give way
8368,Slippery road
8369,20 km/h
8370,Winding road
8371,Main road
8372,Snow
8373,No overtaking
8374,80 km/h
8375,Take right
8376,60 km/h
8377,80 km/h end
8378,Traffic light
8379,Only straight
8380,120 km/h
8381,Turn left
8382,80 km/h end
8383,Stop
8384,Give way
8385,70 km/h
8386,80 km/h end
8387,Slippery road
8388,80 km/h
8389,50 km/h
8390,Give way
8391,100 km/h
8392,100 km/h
8393,100 km/h
8394,120 km/h
8395,30 km/h
8396,Deer
8397,80 km/h
8398,100 km/h
8399,50 km/h
8400,30 km/h
8401,100 km/h
8402,80 km/h
8403,Road up
8404,Take right
8405,Stop
8406,80 km/h
8407,70 km/h
8408,60 km/h
8409,120 km/h
8410,70 km/h
8411,Turn right
8412,Bike
8413,Slippery road
8414,100 km/h
8415,60 km/h
8416,Only straight
8417,No overtaking
8418,Give way
8419,Main road
8420,Give way
8421,80 km/h
8422,Give way
8423,Only right
8424,30 km/h
8425,120 km/h
8426,Roadwork
8427,100 km/h
8428,Turn right
8429,Main road
8430,Roadwork
8431,Deer
8432,Only right
8433,Winding road
8434,80 km/h end
8435,60 km/h
8436,Roadwork
8437,30 km/h
8438,Crossroad with secondary way
8439,Turn right
8440,Take right
8441,Slippery road
8442,Turn right
8443,No overtaking
8444,Only straight
8445,End of the limits
8446,Road up for truck
8447,Slippery road
8448,70 km/h
8449,Give way
8450,Crossroad with secondary way
8451,End of overtaking limit for truck
8452,60 km/h
8453,100 km/h
8454,100 km/h
8455,No overtaking for trucks
8456,60 km/h
8457,80 km/h
8458,50 km/h
8459,30 km/h
8460,End of overtaking limit for truck
8461,30 km/h
8462,60 km/h
8463,Traffic light
8464,Road up
8465,Road up
8466,No overtaking
8467,30 km/h
8468,Only right
8469,Crossroad with secondary way
8470,30 km/h
8471,Give way
8472,Circle crossroad
8473,Road up
8474,Crossroad with secondary way
8475,50 km/h
8476,Only straight
8477,100 km/h
8478,20 km/h
8479,Turn right
8480,Brock
8481,Main road
8482,Take right
8483,Deer
8484,60 km/h
8485,No overtaking
8486,Roadwork
8487,30 km/h
8488,Main road
8489,End of overtaking limit for truck
8490,Winding road
8491,Slippery road
8492,Main road
8493,30 km/h
8494,100 km/h
8495,Turn right
8496,Stop
8497,80 km/h
8498,Road up for truck
8499,Give way
8500,End of the limits
8501,Main road
8502,Main road
8503,Crossroad with secondary way
8504,Only straight
8505,100 km/h
8506,Roadwork
8507,Crossroad with secondary way
8508,Give way
8509,60 km/h
8510,Brock
8511,Deer
8512,Only right
8513,No overtaking
8514,Give way
8515,100 km/h
8516,70 km/h
8517,Only right
8518,Give way
8519,Roadwork
8520,Brock
8521,Crossroad with secondary way
8522,Road up for truck
8523,70 km/h
8524,Bike
8525,Road up for truck
8526,Main road
8527,50 km/h
8528,Main road
8529,60 km/h
8530,Other dangerous
8531,Give way
8532,Main road
8533,Take right
8534,Main road
8535,Main road
8536,Crossroad with secondary way
8537,Brock
8538,Slippery road
8539,Only straight
8540,Deer
8541,Take right
8542,80 km/h
8543,Only straight and left
8544,Stop
8545,120 km/h
8546,Pedestrian
8547,50 km/h
8548,30 km/h
8549,Turn left
8550,Crossroad with secondary way
8551,Only right
8552,100 km/h
8553,Take right
8554,100 km/h
8555,100 km/h
8556,Take right
8557,70 km/h
8558,Give way
8559,Only straight
8560,70 km/h
8561,Give way
8562,80 km/h end
8563,Turn left
8564,Children
8565,60 km/h
8566,30 km/h
8567,Deer
8568,30 km/h
8569,Give way
8570,Roadwork
8571,Main road
8572,Snow
8573,80 km/h
8574,Bike
8575,80 km/h
8576,80 km/h end
8577,Only straight
8578,Slippery road
8579,Only right
8580,50 km/h
8581,Hollow road
8582,Take right
8583,Road up
8584,Give way
8585,100 km/h
8586,Slippery road
8587,100 km/h
8588,30 km/h
8589,100 km/h
8590,Roadwork
8591,70 km/h
8592,Turn right
8593,70 km/h
8594,Road up
8595,60 km/h
8596,Only straight
8597,Only straight
8598,Give way
8599,Deer
8600,Take right
8601,Road up for truck
8602,Give way
8603,Narrowing road
8604,Give way
8605,30 km/h
8606,100 km/h
8607,60 km/h
8608,Give way
8609,Give way
8610,60 km/h
8611,Pedestrian
8612,Children
8613,Only left
8614,80 km/h
8615,120 km/h
8616,No overtaking
8617,Traffic light
8618,Take right
8619,60 km/h
8620,80 km/h
8621,No overtaking for trucks
8622,30 km/h
8623,Slippery road
8624,Snow
8625,100 km/h
8626,Turn left
8627,100 km/h
8628,Only straight
8629,No overtaking
8630,100 km/h
8631,Give way
8632,Other dangerous
8633,No overtaking
8634,100 km/h
8635,100 km/h
8636,100 km/h
8637,Pedestrian
8638,Children
8639,80 km/h
8640,End of overtaking limit for truck
8641,80 km/h
8642,Only straight and right
8643,Take right
8644,Other dangerous
8645,Slippery road
8646,Road up for truck
8647,No overtaking for trucks
8648,80 km/h
8649,No overtaking
8650,Slippery road
8651,Road up
8652,Road up
8653,30 km/h
8654,Brock
8655,Give way
8656,Brock
8657,20 km/h
8658,Only left
8659,Pedestrian
8660,Road up for truck
8661,No overtaking
8662,80 km/h end
8663,60 km/h
8664,Take right
8665,80 km/h end
8666,Give way
8667,Only straight
8668,70 km/h
8669,20 km/h
8670,Brock
8671,Road up
8672,Turn left
8673,Only left
8674,60 km/h
8675,Only straight
8676,Only right
8677,Roadwork
8678,Brock
8679,Slippery road
8680,Circle crossroad
8681,60 km/h
8682,Winding road
8683,30 km/h
8684,100 km/h
8685,Give way
8686,Roadwork
8687,Traffic light
8688,Only straight and right
8689,No overtaking for trucks
8690,70 km/h
8691,Main road
8692,Brock
8693,30 km/h
8694,No overtaking
8695,Pedestrian
8696,30 km/h
8697,60 km/h
8698,No overtaking
8699,No overtaking
8700,No overtaking for trucks
8701,70 km/h
8702,No overtaking
8703,Roadwork
8704,120 km/h
8705,120 km/h
8706,80 km/h end
8707,Stop
8708,Give way
8709,80 km/h end
8710,Main road
8711,Slippery road
8712,Road up for truck
8713,Crossroad with secondary way
8714,Give way
8715,No overtaking for trucks
8716,Deer
8717,Give way
8718,No overtaking for trucks
8719,Snow
8720,Main road
8721,80 km/h
8722,Take right
8723,120 km/h
8724,Brock
8725,120 km/h
8726,End of overtaking limit for truck
8727,End of overtaking limit for truck
8728,100 km/h
8729,Turn left
8730,80 km/h
8731,Only straight and left
8732,Other dangerous
8733,No overtaking
8734,No overtaking
8735,100 km/h
8736,Deer
8737,Brock
8738,End of overtaking limit for truck
8739,Give way
8740,Give way
8741,Only straight
8742,Take left
8743,Deer
8744,Take left
8745,Bike
8746,Give way
8747,80 km/h
8748,Pedestrian
8749,Give way
8750,Give way
8751,30 km/h
8752,Turn right
8753,80 km/h end
8754,80 km/h end
8755,Give way
8756,Take left
8757,End of overtaking limit for truck
8758,120 km/h
8759,Turn left
8760,Give way
8761,100 km/h
8762,Traffic light
8763,Turn left
8764,Only right
8765,Crossroad with secondary way
8766,Crossroad with secondary way
8767,Pedestrian
8768,No overtaking
8769,Give way
8770,Give way
8771,Brock
8772,Take right
8773,60 km/h
8774,Road up for truck
8775,End of overtaking limit for truck
8776,Slippery road
8777,120 km/h
8778,Give way
8779,Crossroad with secondary way
8780,50 km/h
8781,Crossroad with secondary way
8782,80 km/h end
8783,100 km/h
8784,Give way
8785,Only right
8786,Slippery road
8787,No overtaking
8788,30 km/h
8789,Slippery road
8790,Main road
8791,Turn left
8792,30 km/h
8793,No overtaking
8794,30 km/h
8795,Turn right
8796,Stop
8797,80 km/h end
8798,Take right
8799,100 km/h
8800,Take right
8801,Only straight
8802,End of overtaking limit
8803,Take right
8804,Take right
8805,80 km/h end
8806,100 km/h
8807,60 km/h
8808,Take left
8809,60 km/h
8810,Stop
8811,Take right
8812,Main road
8813,100 km/h
8814,Circle crossroad
8815,70 km/h
8816,100 km/h
8817,End of overtaking limit
8818,Take left
8819,30 km/h
8820,End of overtaking limit for truck
8821,Crossroad with secondary way
8822,100 km/h
8823,70 km/h
8824,Take right
8825,80 km/h
8826,100 km/h
8827,Crossroad with secondary way
8828,80 km/h
8829,Slippery road
8830,100 km/h
8831,No overtaking
8832,Take right
8833,No overtaking
8834,Main road
8835,80 km/h end
8836,80 km/h
8837,20 km/h
8838,Traffic light
8839,30 km/h
8840,Give way
8841,Main road
8842,Road up for truck
8843,Only straight and right
8844,30 km/h
8845,Give way
8846,Give way
8847,Main road
8848,End of overtaking limit for truck
8849,80 km/h
8850,No overtaking
8851,100 km/h
8852,Main road
8853,Road up
8854,Take left
8855,80 km/h end
8856,30 km/h
8857,End of overtaking limit for truck
8858,Give way
8859,Brock
8860,Road up for truck
8861,80 km/h
8862,60 km/h
8863,Circle crossroad
8864,20 km/h
8865,80 km/h
8866,Only right
8867,120 km/h
8868,No overtaking
8869,Give way
8870,Give way
8871,30 km/h
8872,Deer
8873,Main road
8874,70 km/h
8875,Main road
8876,Stop
8877,30 km/h
8878,Crossroad with secondary way
8879,80 km/h
8880,Turn right
8881,80 km/h end
8882,Circle crossroad
8883,Roadwork
8884,70 km/h
8885,100 km/h
8886,Other dangerous
8887,No overtaking
8888,Take right
8889,Brock
8890,Main road
8891,Hollow road
8892,No overtaking
8893,100 km/h
8894,80 km/h
8895,Turn left
8896,End of overtaking limit for truck
8897,Roadwork
8898,80 km/h end
8899,End of overtaking limit
8900,No overtaking
8901,70 km/h
8902,Roadwork
8903,Take right
8904,60 km/h
8905,Main road
8906,Narrowing road
8907,80 km/h
8908,Slippery road
8909,60 km/h
8910,30 km/h
8911,Only straight
8912,Take right
8913,100 km/h
8914,Brock
8915,Give way
8916,Snow
8917,Crossroad with secondary way
8918,Only straight
8919,Turn right
8920,Slippery road
8921,Take right
8922,Stop
8923,Take right
8924,Take right
8925,No overtaking
8926,Give way
8927,Slippery road
8928,Main road
8929,60 km/h
8930,Road up for truck
8931,80 km/h
8932,Only straight
8933,Only straight
8934,50 km/h
8935,Stop
8936,Crossroad with secondary way
8937,No overtaking for trucks
8938,80 km/h
8939,Only right
8940,End of the limits
8941,70 km/h
8942,Traffic light
8943,70 km/h
8944,Take right
8945,Main road
8946,100 km/h
8947,Stop
8948,Turn left
8949,30 km/h
8950,60 km/h
8951,Main road
8952,Give way
8953,End of the limits
8954,No overtaking
8955,Other dangerous
8956,End of overtaking limit for truck
8957,Deer
8958,80 km/h end
8959,Take right
8960,No overtaking
8961,Narrowing road
8962,Give way
8963,No overtaking
8964,60 km/h
8965,Only right
8966,70 km/h
8967,Take right
8968,70 km/h
8969,100 km/h
8970,Give way
8971,Crossroad with secondary way
8972,Only left
8973,Only straight
8974,Crossroad with secondary way
8975,50 km/h
8976,70 km/h
8977,Take right
8978,Slippery road
8979,30 km/h
8980,100 km/h
8981,70 km/h
8982,Deer
8983,80 km/h end
8984,80 km/h
8985,70 km/h
8986,100 km/h
8987,Roadwork
8988,Give way
8989,80 km/h
8990,Crossroad with secondary way
8991,Brock
8992,Take right
8993,Only straight
8994,Traffic light
8995,70 km/h
8996,No overtaking
8997,Turn right
8998,30 km/h
8999,Only straight and right
9000,Only right
9001,70 km/h
9002,Crossroad with secondary way
9003,120 km/h
9004,100 km/h
9005,120 km/h
9006,60 km/h
9007,Main road
9008,80 km/h end
9009,100 km/h
9010,Give way
9011,80 km/h end
9012,Take right
9013,No overtaking for trucks
9014,Main road
9015,Traffic light
9016,70 km/h
9017,Winding road
9018,Main road
9019,70 km/h
9020,20 km/h
9021,No overtaking
9022,Only left
9023,Only left
9024,End of overtaking limit
9025,No overtaking
9026,No overtaking
9027,70 km/h
9028,20 km/h
9029,No overtaking
9030,Brock
9031,Take right
9032,Main road
9033,Deer
9034,Only straight and left
9035,Main road
9036,70 km/h
9037,Give way
9038,60 km/h
9039,Main road
9040,Other dangerous
9041,80 km/h
9042,120 km/h
9043,Brock
9044,Other dangerous
9045,Turn right
9046,No overtaking
9047,100 km/h
9048,Snow
9049,Take right
9050,No overtaking for trucks
9051,Only right
9052,100 km/h
9053,Brock
9054,Give way
9055,80 km/h end
9056,No overtaking
9057,100 km/h
9058,Road up
9059,80 km/h
9060,Main road
9061,Traffic light
9062,Pedestrian
9063,100 km/h
9064,30 km/h
9065,Only straight
9066,100 km/h
9067,30 km/h
9068,80 km/h
9069,Only straight
9070,100 km/h
9071,Turn right
9072,60 km/h
9073,No overtaking
9074,100 km/h
9075,Take right
9076,70 km/h
9077,Slippery road
9078,Only straight
9079,End of overtaking limit for truck
9080,80 km/h end
9081,No overtaking for trucks
9082,Give way
9083,50 km/h
9084,Give way
9085,Main road
9086,Crossroad with secondary way
9087,100 km/h
9088,Take right
9089,70 km/h
9090,End of overtaking limit for truck
9091,120 km/h
9092,Crossroad with secondary way
9093,80 km/h
9094,Only straight
9095,Only straight
9096,100 km/h
9097,70 km/h
9098,End of the limits
9099,100 km/h
9100,Only left
9101,100 km/h
9102,No overtaking
9103,80 km/h
9104,Slippery road
9105,Roadwork
9106,Deer
9107,Only left
9108,80 km/h
9109,No overtaking
9110,80 km/h end
9111,100 km/h
9112,100 km/h
9113,100 km/h
9114,80 km/h
9115,120 km/h
9116,50 km/h
9117,80 km/h
9118,Main road
9119,Give way
9120,Only straight and right
9121,80 km/h
9122,Road up for truck
9123,Only right
9124,100 km/h
9125,Roadwork
9126,Brock
9127,Give way
9128,Crossroad with secondary way
9129,Take left
9130,60 km/h
9131,Only straight
9132,Bike
9133,100 km/h
9134,Crossroad with secondary way
9135,No overtaking
9136,Take right
9137,No overtaking
9138,Other dangerous
9139,Slippery road
9140,End of overtaking limit for truck
9141,Brock
9142,80 km/h end
9143,30 km/h
9144,70 km/h
9145,Stop
9146,70 km/h
9147,120 km/h
9148,80 km/h
9149,30 km/h
9150,Slippery road
9151,Take right
9152,End of overtaking limit for truck
9153,End of overtaking limit
9154,70 km/h
9155,80 km/h
9156,Brock
9157,60 km/h
9158,30 km/h
9159,No overtaking
9160,100 km/h
9161,70 km/h
9162,80 km/h
9163,60 km/h
9164,60 km/h
9165,80 km/h
9166,Main road
9167,Take left
9168,100 km/h
9169,80 km/h end
9170,70 km/h
9171,60 km/h
9172,Brock
9173,Other dangerous
9174,Road up
9175,100 km/h
9176,Deer
9177,No overtaking for trucks
9178,Take right
9179,Road up
9180,70 km/h
9181,End of overtaking limit for truck
9182,100 km/h
9183,Give way
9184,Crossroad with secondary way
9185,50 km/h
9186,100 km/h
9187,No overtaking
9188,100 km/h
9189,70 km/h
9190,No overtaking
9191,Road up
9192,Pedestrian
9193,30 km/h
9194,Only straight
9195,Main road
9196,Deer
9197,Only right
9198,Road up for truck
9199,Snow
9200,60 km/h
9201,End of overtaking limit for truck
9202,Main road
9203,70 km/h
9204,30 km/h
9205,Main road
9206,Hollow road
9207,Stop
9208,30 km/h
9209,No overtaking for trucks
9210,100 km/h
9211,Give way
9212,Other dangerous
9213,30 km/h
9214,100 km/h
9215,Hollow road
9216,End of overtaking limit for truck
9217,Deer
9218,Hollow road
9219,70 km/h
9220,30 km/h
9221,Only straight
9222,Main road
9223,Only straight and left
9224,Give way
9225,Slippery road
9226,Slippery road
9227,30 km/h
9228,120 km/h
9229,Narrowing road
9230,30 km/h
9231,20 km/h
9232,Crossroad with secondary way
9233,No overtaking
9234,120 km/h
9235,50 km/h
9236,Winding road
9237,Brock
9238,100 km/h
9239,30 km/h
9240,Only right
9241,Give way
9242,No overtaking
9243,Turn right
9244,80 km/h
9245,Roadwork
9246,70 km/h
9247,100 km/h
9248,Stop
9249,Turn right
9250,No overtaking
9251,80 km/h
9252,Give way
9253,120 km/h
9254,Roadwork
9255,Take right
9256,100 km/h
9257,No overtaking for trucks
9258,Take right
9259,100 km/h
9260,100 km/h
9261,60 km/h
9262,70 km/h
9263,Give way
9264,80 km/h
9265,80 km/h
9266,Only straight
9267,Only straight and right
9268,Road up for truck
9269,Deer
9270,Crossroad with secondary way
9271,Roadwork
9272,Narrowing road
9273,No overtaking
9274,Brock
9275,Main road
9276,Main road
9277,100 km/h
9278,120 km/h
9279,Traffic light
9280,Road up
9281,60 km/h
9282,Stop
9283,Give way
9284,100 km/h
9285,100 km/h
9286,120 km/h
9287,Main road
9288,50 km/h
9289,Main road
9290,Pedestrian
9291,Take left
9292,No overtaking
9293,60 km/h
9294,Take right
9295,Slippery road
9296,70 km/h
9297,80 km/h end
9298,Turn right
9299,No overtaking for trucks
9300,Main road
9301,Slippery road
9302,80 km/h end
9303,Traffic light
9304,Take right
9305,Give way
9306,30 km/h
9307,Only straight
9308,Take right
9309,Deer
9310,Stop
9311,Give way
9312,Crossroad with secondary way
9313,30 km/h
9314,80 km/h
9315,80 km/h end
9316,Only right
9317,Take left
9318,Slippery road
9319,30 km/h
9320,80 km/h
9321,30 km/h
9322,Give way
9323,Give way
9324,No overtaking
9325,50 km/h
9326,70 km/h
9327,Road up
9328,Road up for truck
9329,100 km/h
9330,Turn right
9331,Give way
9332,No overtaking
9333,70 km/h
9334,100 km/h
9335,100 km/h
9336,30 km/h
9337,50 km/h
9338,Give way
9339,30 km/h
9340,Give way
9341,Only right
9342,30 km/h
9343,No overtaking for trucks
9344,Circle crossroad
9345,Winding road
9346,70 km/h
9347,Take right
9348,120 km/h
9349,70 km/h
9350,70 km/h
9351,100 km/h
9352,100 km/h
9353,No overtaking
9354,Hollow road
9355,100 km/h
9356,No overtaking
9357,Circle crossroad
9358,Brock
9359,No overtaking
9360,Crossroad with secondary way
9361,70 km/h
9362,Give way
9363,60 km/h
9364,Crossroad with secondary way
9365,70 km/h
9366,Only straight
9367,Give way
9368,60 km/h
9369,Take right
9370,60 km/h
9371,Take right
9372,100 km/h
9373,70 km/h
9374,Only left
9375,100 km/h
9376,50 km/h
9377,Brock
9378,70 km/h
9379,Roadwork
9380,Take right
9381,Take right
9382,No overtaking
9383,100 km/h
9384,Brock
9385,100 km/h
9386,End of the limits
9387,70 km/h
9388,Other dangerous
9389,Road up
9390,70 km/h
9391,Crossroad with secondary way
9392,100 km/h
9393,Winding road
9394,Deer
9395,80 km/h end
9396,Brock
9397,100 km/h
9398,Traffic light
9399,Give way
9400,Slippery road
9401,No overtaking for trucks
9402,Give way
9403,70 km/h
9404,80 km/h
9405,Bike
9406,100 km/h
9407,30 km/h
9408,Only straight and right
9409,Give way
9410,Crossroad with secondary way
9411,30 km/h
9412,50 km/h
9413,Brock
9414,Snow
9415,Circle crossroad
9416,30 km/h
9417,Slippery road
9418,100 km/h
9419,80 km/h
9420,Pedestrian
9421,Stop
9422,30 km/h
9423,Brock
9424,Crossroad with secondary way
9425,120 km/h
9426,Give way
9427,Give way
9428,Main road
9429,Hollow road
9430,Road up
9431,100 km/h
9432,Take left
9433,100 km/h
9434,Road up for truck
9435,100 km/h
9436,Main road
9437,Take right
9438,Take right
9439,No overtaking
9440,Deer
9441,80 km/h
9442,Stop
9443,Crossroad with secondary way
9444,30 km/h
9445,Roadwork
9446,Give way
9447,Only left
9448,100 km/h
9449,100 km/h
9450,Give way
9451,Turn right
9452,Turn right
9453,30 km/h
9454,Bike
9455,Only straight and right
9456,Deer
9457,Roadwork
9458,60 km/h
9459,80 km/h end
9460,100 km/h
9461,Main road
9462,100 km/h
9463,30 km/h
9464,No overtaking
9465,No overtaking
9466,100 km/h
9467,100 km/h
9468,Circle crossroad
9469,30 km/h
9470,30 km/h
9471,No overtaking
9472,Bike
9473,No overtaking
9474,120 km/h
9475,Deer
9476,No overtaking
9477,30 km/h
9478,No overtaking
9479,End of overtaking limit for truck
9480,Roadwork
9481,Slippery road
9482,Turn left
9483,Narrowing road
9484,No overtaking
9485,Slippery road
9486,Only straight
9487,No overtaking
9488,70 km/h
9489,80 km/h
9490,Road up for truck
9491,Give way
9492,No overtaking
9493,Deer
9494,Other dangerous
9495,100 km/h
9496,Deer
9497,Give way
9498,Stop
9499,120 km/h
9500,Take right
9501,Main road
9502,Pedestrian
9503,Main road
9504,Take right
9505,100 km/h
9506,Deer
9507,100 km/h
9508,Give way
9509,100 km/h
9510,120 km/h
9511,70 km/h
9512,Turn left
9513,Take right
9514,Deer
9515,Slippery road
9516,Roadwork
9517,Bike
9518,Crossroad with secondary way
9519,Give way
9520,100 km/h
9521,Other dangerous
9522,70 km/h
9523,30 km/h
9524,Take right
9525,Only straight and right
9526,Slippery road
9527,Take right
9528,Only straight
9529,Other dangerous
9530,Take right
9531,Hollow road
9532,Other dangerous
9533,80 km/h
9534,Main road
9535,Other dangerous
9536,Deer
9537,80 km/h
9538,Only straight
9539,Other dangerous
9540,Roadwork
9541,Children
9542,Slippery road
9543,Give way
9544,Only straight and right
9545,30 km/h
9546,80 km/h
9547,Turn left
9548,End of overtaking limit for truck
9549,Only right
9550,Road up for truck
9551,Roadwork
9552,Take right
9553,70 km/h
9554,30 km/h
9555,No overtaking
9556,No overtaking
9557,Give way
9558,Main road
9559,Slippery road
9560,Road up for truck
9561,70 km/h
9562,Brock
9563,30 km/h
9564,80 km/h
9565,80 km/h
9566,80 km/h end
9567,Deer
9568,No overtaking
9569,80 km/h
9570,Only left
9571,Only straight
9572,Roadwork
9573,80 km/h end
9574,60 km/h
9575,50 km/h
9576,80 km/h end
9577,70 km/h
9578,100 km/h
9579,Only straight and right
9580,No overtaking
9581,Crossroad with secondary way
9582,No overtaking
9583,Deer
9584,50 km/h
9585,Main road
9586,Only straight and right
9587,60 km/h
9588,Stop
9589,Other dangerous
9590,Give way
9591,No overtaking
9592,80 km/h
9593,Deer
9594,Give way
9595,Narrowing road
9596,Take right
9597,30 km/h
9598,Brock
9599,80 km/h
9600,Give way
9601,No overtaking
9602,100 km/h
9603,100 km/h
9604,Take right
9605,100 km/h
9606,Stop
9607,Slippery road
9608,Snow
9609,120 km/h
9610,80 km/h
9611,100 km/h
9612,No overtaking
9613,80 km/h
9614,Brock
9615,100 km/h
9616,No overtaking for trucks
9617,30 km/h
9618,70 km/h
9619,70 km/h
9620,Road up
9621,Other dangerous
9622,70 km/h
9623,Give way
9624,70 km/h
9625,100 km/h
9626,Road up
9627,Give way
9628,No overtaking for trucks
9629,No overtaking
9630,Road up
9631,Other dangerous
9632,100 km/h
9633,Circle crossroad
9634,No overtaking
9635,120 km/h
9636,70 km/h
9637,Main road
9638,Only straight
9639,100 km/h
9640,Brock
9641,Main road
9642,30 km/h
9643,30 km/h
9644,Stop
9645,30 km/h
9646,Deer
9647,Give way
9648,70 km/h
9649,No overtaking
9650,No overtaking
9651,Deer
9652,Main road
9653,80 km/h
9654,Give way
9655,No overtaking
9656,Only straight
9657,Road up for truck
9658,Give way
9659,Roadwork
9660,Roadwork
9661,100 km/h
9662,Circle crossroad
9663,80 km/h
9664,70 km/h
9665,Only straight and right
9666,120 km/h
9667,70 km/h
9668,Only right
9669,Take right
9670,50 km/h
9671,60 km/h
9672,No overtaking for trucks
9673,120 km/h
9674,Other dangerous
9675,Turn right
9676,70 km/h
9677,100 km/h
9678,Road up
9679,End of the limits
9680,Crossroad with secondary way
9681,Narrowing road
9682,End of overtaking limit
9683,70 km/h
9684,End of overtaking limit for truck
9685,100 km/h
9686,Slippery road
9687,70 km/h
9688,Only straight
9689,80 km/h end
9690,100 km/h
9691,Roadwork
9692,Take right
9693,Road up
9694,Main road
9695,Other dangerous
9696,Main road
9697,Narrowing road
9698,Main road
9699,Take right
9700,End of overtaking limit for truck
9701,Crossroad with secondary way
9702,Crossroad with secondary way
9703,Give way
9704,100 km/h
9705,100 km/h
9706,30 km/h
9707,120 km/h
9708,Main road
9709,Give way
9710,70 km/h
9711,60 km/h
9712,Only straight
9713,30 km/h
9714,Only straight
9715,Only straight and right
9716,100 km/h
9717,80 km/h end
9718,Roadwork
9719,70 km/h
9720,Give way
9721,Main road
9722,100 km/h
9723,80 km/h
9724,Take right
9725,70 km/h
9726,Main road
9727,Slippery road
9728,Brock
9729,Slippery road
9730,Main road
9731,100 km/h
9732,60 km/h
9733,Main road
9734,80 km/h
9735,Main road
9736,Give way
9737,Only left
9738,No overtaking
9739,Stop
9740,30 km/h
9741,No overtaking
9742,Give way
9743,70 km/h
9744,50 km/h
9745,Only left
9746,30 km/h
9747,80 km/h
9748,Roadwork
9749,Roadwork
9750,Take right
9751,80 km/h end
9752,50 km/h
9753,Take right
9754,No overtaking for trucks
9755,Stop
9756,Only left
9757,Crossroad with secondary way
9758,70 km/h
9759,Main road
9760,Roadwork
9761,100 km/h
9762,Only straight
9763,No overtaking for trucks
9764,Give way
9765,Give way
9766,Brock
9767,80 km/h end
9768,80 km/h end
9769,Take right
9770,30 km/h
9771,Roadwork
9772,Crossroad with secondary way
9773,End of overtaking limit for truck
9774,80 km/h end
9775,Turn right
9776,Road up for truck
9777,60 km/h
9778,100 km/h
9779,Main road
9780,Only left
9781,Main road
9782,Main road
9783,Take right
9784,60 km/h
9785,100 km/h
9786,70 km/h
9787,No overtaking
9788,30 km/h
9789,70 km/h
9790,30 km/h
9791,Road up
9792,Main road
9793,Take right
9794,80 km/h end
9795,60 km/h
9796,Main road
9797,100 km/h
9798,Deer
9799,Crossroad with secondary way
9800,50 km/h
9801,Only right
9802,No overtaking
9803,120 km/h
9804,Narrowing road
9805,No overtaking
9806,Give way
9807,Only straight
9808,Deer
9809,70 km/h
9810,Only straight
9811,50 km/h
9812,No overtaking
9813,Take right
9814,Main road
9815,Main road
9816,30 km/h
9817,Roadwork
9818,30 km/h
9819,Turn right
9820,Only right
9821,Give way
9822,Give way
9823,70 km/h
9824,30 km/h
9825,Only straight
9826,No overtaking
9827,Other dangerous
9828,Take right
9829,30 km/h
9830,Brock
9831,Give way
9832,Only straight and right
9833,50 km/h
9834,Crossroad with secondary way
9835,Bike
9836,Only straight
9837,Other dangerous
9838,Only right
9839,Bike
9840,Take right
9841,Other dangerous
9842,50 km/h
9843,Give way
9844,Give way
9845,Only straight and right
9846,Snow
9847,60 km/h
9848,30 km/h
9849,80 km/h
9850,70 km/h
9851,30 km/h
9852,70 km/h
9853,Roadwork
9854,Deer
9855,Main road
9856,100 km/h
9857,80 km/h
9858,Traffic light
9859,Roadwork
9860,60 km/h
9861,Stop
9862,70 km/h
9863,Stop
9864,100 km/h
9865,Deer
9866,Other dangerous
9867,100 km/h
9868,30 km/h
9869,No overtaking
9870,70 km/h
9871,Narrowing road
9872,Road up
9873,80 km/h end
9874,100 km/h
9875,80 km/h end
9876,80 km/h
9877,70 km/h
9878,Take right
9879,Only left
9880,Give way
9881,70 km/h
9882,Only straight and left
9883,30 km/h
9884,Brock
9885,Main road
9886,Turn left
9887,100 km/h
9888,Turn right
9889,Road up
9890,Take right
9891,30 km/h
9892,Only straight
9893,120 km/h
9894,100 km/h
9895,Roadwork
9896,End of overtaking limit for truck
9897,70 km/h
9898,Other dangerous
9899,Only straight
9900,Snow
9901,80 km/h
9902,Other dangerous
9903,Bike
9904,Brock
9905,60 km/h
9906,80 km/h end
9907,Take right
9908,100 km/h
9909,Brock
9910,70 km/h
9911,20 km/h
9912,100 km/h
9913,Main road
9914,Only straight
9915,Brock
9916,Take left
9917,80 km/h
9918,Give way
9919,20 km/h
9920,Take right
9921,End of overtaking limit for truck
9922,No overtaking
9923,Only straight
9924,No overtaking for trucks
9925,100 km/h
9926,Other dangerous
9927,70 km/h
9928,Only right
9929,Main road
9930,Turn right
9931,Other dangerous
9932,60 km/h
9933,Road up
9934,Only straight and right
9935,Turn right
9936,Stop
9937,100 km/h
9938,Turn right
9939,End of the limits
9940,No overtaking
9941,No overtaking
9942,Only left
9943,Main road
9944,30 km/h
9945,50 km/h
9946,Turn right
9947,Slippery road
9948,60 km/h
9949,Only straight and right
9950,70 km/h
9951,Crossroad with secondary way
9952,No overtaking
9953,No overtaking for trucks
9954,80 km/h
9955,100 km/h
9956,80 km/h end
9957,Main road
9958,No overtaking for trucks
9959,Main road
9960,60 km/h
9961,100 km/h
9962,End of the limits
9963,Give way
9964,Only straight
9965,Give way
9966,Only straight and right
9967,Slippery road
9968,Hollow road
9969,70 km/h
9970,Take right
9971,80 km/h
9972,Give way
9973,Bike
9974,80 km/h
9975,Only straight
9976,Turn right
9977,Road up for truck
9978,70 km/h
9979,Give way
9980,80 km/h end
9981,Stop
9982,60 km/h
9983,100 km/h
9984,20 km/h
9985,Give way
9986,Slippery road
9987,Give way
9988,Only straight
9989,100 km/h
9990,50 km/h
9991,Give way
9992,30 km/h
9993,Give way
9994,Main road
9995,Other dangerous
9996,Only straight
9997,Narrowing road
9998,No overtaking
9999,Turn left
10000,Give way
10001,Slippery road
10002,30 km/h
10003,100 km/h
10004,80 km/h
10005,80 km/h
10006,Give way
10007,70 km/h
10008,No overtaking
10009,Road up
10010,Main road
10011,End of overtaking limit
10012,Take right
10013,Deer
10014,No overtaking
10015,Main road
10016,60 km/h
10017,100 km/h
10018,Turn right
10019,80 km/h
10020,Snow
10021,Take right
10022,Other dangerous
10023,Road up for truck
10024,Take right
10025,80 km/h end
10026,Roadwork
10027,60 km/h
10028,70 km/h
10029,Stop
10030,60 km/h
10031,Give way
10032,End of overtaking limit
10033,Road up for truck
10034,70 km/h
10035,50 km/h
10036,70 km/h
10037,Roadwork
10038,80 km/h end
10039,Give way
10040,No overtaking for trucks
10041,Pedestrian
10042,Other dangerous
10043,100 km/h
10044,Only straight and right
10045,60 km/h
10046,Only right
10047,Roadwork
10048,No overtaking
10049,Other dangerous
10050,120 km/h
10051,80 km/h
10052,No overtaking
10053,80 km/h end
10054,100 km/h
10055,80 km/h
10056,No overtaking
10057,No overtaking for trucks
10058,60 km/h
10059,70 km/h
10060,No overtaking
10061,Road up for truck
10062,Roadwork
10063,70 km/h
10064,100 km/h
10065,Crossroad with secondary way
10066,Winding road
10067,No overtaking
10068,No overtaking
10069,Take right
10070,100 km/h
10071,Hollow road
10072,Main road
10073,Other dangerous
10074,Other dangerous
10075,No overtaking for trucks
10076,30 km/h
10077,60 km/h
10078,Brock
10079,100 km/h
10080,Crossroad with secondary way
10081,50 km/h
10082,Give way
10083,80 km/h
10084,Only left
10085,Take right
10086,60 km/h
10087,Deer
10088,Deer
10089,70 km/h
10090,80 km/h
10091,No overtaking
10092,Turn right
10093,Give way
10094,30 km/h
10095,No overtaking
10096,Main road
10097,Deer
10098,No overtaking
10099,Main road
10100,Main road
10101,Take right
10102,70 km/h
10103,100 km/h
10104,Pedestrian
10105,Brock
10106,End of overtaking limit
10107,Only straight and left
10108,End of overtaking limit
10109,80 km/h end
10110,Take right
10111,Only straight
10112,Give way
10113,50 km/h
10114,Road up for truck
10115,80 km/h end
10116,Take right
10117,Narrowing road
10118,100 km/h
10119,Only left
10120,Only right
10121,Only straight and left
10122,Brock
10123,Main road
10124,Pedestrian
10125,Traffic light
10126,Only straight
10127,80 km/h end
10128,Crossroad with secondary way
10129,Road up for truck
10130,80 km/h
10131,No overtaking
10132,Only straight
10133,Give way
10134,120 km/h
10135,Road up
10136,100 km/h
10137,Give way
10138,70 km/h
10139,Narrowing road
10140,80 km/h end
10141,60 km/h
10142,80 km/h end
10143,Brock
10144,60 km/h
10145,Deer
10146,80 km/h
10147,Crossroad with secondary way
10148,60 km/h
10149,50 km/h
10150,30 km/h
10151,100 km/h
10152,70 km/h
10153,Take right
10154,Give way
10155,70 km/h
10156,No overtaking for trucks
10157,100 km/h
10158,100 km/h
10159,Take right
10160,Crossroad with secondary way
10161,70 km/h
10162,Take right
10163,Brock
10164,Take left
10165,80 km/h
10166,Give way
10167,60 km/h
10168,No overtaking for trucks
10169,Crossroad with secondary way
10170,Bike
10171,Roadwork
10172,80 km/h end
10173,80 km/h
10174,80 km/h
10175,30 km/h
10176,50 km/h
10177,No overtaking
10178,End of the limits
10179,80 km/h end
10180,Children
10181,End of overtaking limit for truck
10182,Only left
10183,Main road
10184,Turn right
10185,Crossroad with secondary way
10186,70 km/h
10187,Circle crossroad
10188,Turn right
10189,Children
10190,Take right
10191,Take right
10192,60 km/h
10193,Take right
10194,No overtaking
10195,Narrowing road
10196,No overtaking
10197,Only straight
10198,70 km/h
10199,Road up
10200,30 km/h
10201,80 km/h end
10202,Give way
10203,Only straight
10204,No overtaking
10205,70 km/h
10206,Road up
10207,100 km/h
10208,100 km/h
10209,60 km/h
10210,End of overtaking limit for truck
10211,70 km/h
10212,Give way
10213,60 km/h
10214,Hollow road
10215,Road up
10216,Slippery road
10217,Main road
10218,Brock
10219,60 km/h
10220,Roadwork
10221,80 km/h
10222,30 km/h
10223,Traffic light
10224,Slippery road
10225,80 km/h
10226,Other dangerous
10227,Take right
10228,Only straight and right
10229,Only left
10230,100 km/h
10231,50 km/h
10232,Circle crossroad
10233,100 km/h
10234,Crossroad with secondary way
10235,Main road
10236,80 km/h end
10237,No overtaking
10238,Brock
10239,Brock
10240,Give way
10241,Narrowing road
10242,50 km/h
10243,50 km/h
10244,No overtaking
10245,Snow
10246,Snow
10247,120 km/h
10248,No overtaking
10249,Slippery road
10250,No overtaking
10251,Road up for truck
10252,No overtaking
10253,Crossroad with secondary way
10254,Crossroad with secondary way
10255,Children
10256,Only straight
10257,Road up for truck
10258,Bike
10259,Brock
10260,100 km/h
10261,Crossroad with secondary way
10262,Give way
10263,60 km/h
10264,Give way
10265,Road up
10266,Brock
10267,50 km/h
10268,Deer
10269,Only right
10270,Snow
10271,120 km/h
10272,120 km/h
10273,End of the limits
10274,Turn left
10275,30 km/h
10276,100 km/h
10277,Traffic light
10278,No overtaking
10279,Hollow road
10280,Crossroad with secondary way
10281,100 km/h
10282,80 km/h
10283,100 km/h
10284,Take right
10285,Circle crossroad
10286,Brock
10287,Snow
10288,Take left
10289,Snow
10290,Main road
10291,30 km/h
10292,Crossroad with secondary way
10293,120 km/h
10294,Circle crossroad
10295,Slippery road
10296,Take right
10297,End of the limits
10298,Circle crossroad
10299,No overtaking for trucks
10300,Turn left
10301,80 km/h
10302,Road up for truck
10303,Road up
10304,80 km/h end
10305,Take right
10306,Only right
10307,Hollow road
10308,Crossroad with secondary way
10309,30 km/h
10310,120 km/h
10311,120 km/h
10312,80 km/h
10313,Only straight
10314,100 km/h
10315,Crossroad with secondary way
10316,Crossroad with secondary way
10317,No overtaking
10318,Pedestrian
10319,Only straight
10320,Roadwork
10321,Slippery road
10322,Take right
10323,Deer
10324,Deer
10325,70 km/h
10326,70 km/h
10327,50 km/h
10328,Only straight
10329,Take right
10330,Road up
10331,70 km/h
10332,No overtaking for trucks
10333,Snow
10334,Stop
10335,Only right
10336,80 km/h end
10337,Stop
10338,Children
10339,Only left
10340,Traffic light
10341,No overtaking
10342,Take right
10343,No overtaking for trucks
10344,Stop
10345,Road up
10346,Stop
10347,No overtaking for trucks
10348,70 km/h
10349,100 km/h
10350,30 km/h
10351,100 km/h
10352,Hollow road
10353,100 km/h
10354,Main road
10355,Give way
10356,Main road
10357,30 km/h
10358,80 km/h end
10359,End of overtaking limit for truck
10360,Crossroad with secondary way
10361,120 km/h
10362,Crossroad with secondary way
10363,Main road
10364,Deer
10365,70 km/h
10366,End of overtaking limit for truck
10367,Roadwork
10368,120 km/h
10369,30 km/h
10370,60 km/h
10371,Crossroad with secondary way
10372,Slippery road
10373,Only straight and right
10374,Only straight
10375,Traffic light
10376,80 km/h
10377,Only straight
10378,Only straight and left
10379,No overtaking for trucks
10380,Road up
10381,100 km/h
10382,Children
10383,No overtaking for trucks
10384,Snow
10385,Main road
10386,70 km/h
10387,60 km/h
10388,80 km/h
10389,Circle crossroad
10390,80 km/h
10391,Only straight
10392,60 km/h
10393,30 km/h
10394,70 km/h
10395,80 km/h
10396,Other dangerous
10397,100 km/h
10398,100 km/h
10399,80 km/h end
10400,Main road
10401,Take right
10402,Give way
10403,60 km/h
10404,No overtaking
10405,Hollow road
10406,Give way
10407,Main road
10408,Roadwork
10409,80 km/h end
10410,No overtaking
10411,Circle crossroad
10412,Winding road
10413,80 km/h
10414,Main road
10415,Snow
10416,Give way
10417,70 km/h
10418,30 km/h
10419,100 km/h
10420,Take right
10421,Roadwork
10422,80 km/h
10423,Road up
10424,Traffic light
10425,Roadwork
10426,Deer
10427,Give way
10428,80 km/h
10429,30 km/h
10430,Roadwork
10431,Narrowing road
10432,70 km/h
10433,20 km/h
10434,Only left
10435,Only straight and right
10436,End of overtaking limit
10437,30 km/h
10438,End of overtaking limit
10439,No overtaking
10440,Snow
10441,Slippery road
10442,Only straight
10443,Roadwork
10444,80 km/h end
10445,Road up
10446,80 km/h
10447,Narrowing road
10448,Main road
10449,Deer
10450,Only straight
10451,60 km/h
10452,Only left
10453,Main road
10454,30 km/h
10455,Take right
10456,Traffic light
10457,Stop
10458,80 km/h
10459,Circle crossroad
10460,Only straight
10461,30 km/h
10462,100 km/h
10463,80 km/h
10464,Take right
10465,No overtaking
10466,Brock
10467,30 km/h
10468,Take right
10469,End of overtaking limit for truck
10470,Main road
10471,No overtaking
10472,80 km/h
10473,80 km/h
10474,30 km/h
10475,30 km/h
10476,Give way
10477,80 km/h
10478,End of overtaking limit for truck
10479,Bike
10480,Turn right
10481,Circle crossroad
10482,100 km/h
10483,End of the limits
10484,Turn right
10485,Turn left
10486,120 km/h
10487,Give way
10488,Slippery road
10489,Crossroad with secondary way
10490,Roadwork
10491,No overtaking
10492,No overtaking for trucks
10493,Give way
10494,80 km/h
10495,Main road
10496,100 km/h
10497,Only left
10498,50 km/h
10499,Deer
10500,End of overtaking limit for truck
10501,Road up
10502,Only right
10503,70 km/h
10504,60 km/h
10505,Crossroad with secondary way
10506,Bike
10507,70 km/h
10508,End of overtaking limit for truck
10509,No overtaking for trucks
10510,100 km/h
10511,Take right
10512,70 km/h
10513,Brock
10514,70 km/h
10515,No overtaking for trucks
10516,Turn left
10517,Main road
10518,No overtaking
10519,80 km/h
10520,80 km/h
10521,Only straight
10522,100 km/h
10523,Road up
10524,60 km/h
10525,60 km/h
10526,Crossroad with secondary way
10527,70 km/h
10528,Narrowing road
10529,Other dangerous
10530,Other dangerous
10531,Take right
10532,30 km/h
10533,70 km/h
10534,Road up
10535,Only right
10536,Turn right
10537,70 km/h
10538,Road up
10539,Take right
10540,70 km/h
10541,Slippery road
10542,100 km/h
10543,End of overtaking limit for truck
10544,Snow
10545,Snow
10546,Roadwork
10547,Deer
10548,70 km/h
10549,80 km/h
10550,Bike
10551,Take right
10552,Turn right
10553,Children
10554,80 km/h
10555,No overtaking
10556,Main road
10557,Roadwork
10558,Take right
10559,End of overtaking limit for truck
10560,Take left
10561,80 km/h
10562,Take right
10563,50 km/h
10564,80 km/h
10565,Deer
10566,Deer
10567,100 km/h
10568,30 km/h
10569,Only straight and left
10570,Crossroad with secondary way
10571,80 km/h end
10572,Snow
10573,Stop
10574,30 km/h
10575,100 km/h
10576,Take right
10577,70 km/h
10578,30 km/h
10579,120 km/h
10580,Stop
10581,No overtaking
10582,Road up for truck
10583,No overtaking
10584,120 km/h
10585,Take right
10586,End of overtaking limit
10587,Main road
10588,Slippery road
10589,Narrowing road
10590,Only right
10591,60 km/h
10592,70 km/h
10593,End of overtaking limit for truck
10594,End of overtaking limit
10595,100 km/h
10596,Brock
10597,No overtaking
10598,Only straight
10599,End of overtaking limit for truck
10600,100 km/h
10601,60 km/h
10602,120 km/h
10603,Other dangerous
10604,80 km/h
10605,Main road
10606,120 km/h
10607,Brock
10608,Hollow road
10609,Take left
10610,Narrowing road
10611,Crossroad with secondary way
10612,80 km/h
10613,Stop
10614,Snow
10615,Snow
10616,Take right
10617,80 km/h
10618,100 km/h
10619,30 km/h
10620,70 km/h
10621,100 km/h
10622,No overtaking for trucks
10623,Stop
10624,Deer
10625,Turn left
10626,Roadwork
10627,No overtaking for trucks
10628,Traffic light
10629,Give way
10630,100 km/h
10631,Winding road
10632,100 km/h
10633,Only left
10634,80 km/h
10635,End of overtaking limit for truck
10636,Deer
10637,End of overtaking limit for truck
10638,Deer
10639,30 km/h
10640,Main road
10641,80 km/h
10642,End of overtaking limit
10643,Only left
10644,100 km/h
10645,Pedestrian
10646,Deer
10647,30 km/h
10648,Deer
10649,60 km/h
10650,120 km/h
10651,100 km/h
10652,Stop
10653,Roadwork
10654,End of the limits
10655,100 km/h
10656,Only straight
10657,Other dangerous
10658,100 km/h
10659,100 km/h
10660,80 km/h end
10661,Only straight
10662,70 km/h
10663,Slippery road
10664,Hollow road
10665,Take left
10666,Road up for truck
10667,60 km/h
10668,No overtaking
10669,No overtaking
10670,Crossroad with secondary way
10671,120 km/h
10672,Road up for truck
10673,80 km/h end
10674,Take right
10675,Only straight and right
10676,Deer
10677,100 km/h
10678,Main road
10679,Snow
10680,No overtaking
10681,No overtaking
10682,Give way
10683,Main road
10684,Main road
10685,60 km/h
10686,Main road
10687,80 km/h
10688,Take right
10689,60 km/h
10690,Give way
10691,Deer
10692,60 km/h
10693,100 km/h
10694,Brock
10695,Give way
10696,Snow
10697,Narrowing road
10698,30 km/h
10699,Slippery road
10700,Pedestrian
10701,70 km/h
10702,Take right
10703,Crossroad with secondary way
10704,Brock
10705,Give way
10706,End of overtaking limit
10707,Road up for truck
10708,60 km/h
10709,No overtaking for trucks
10710,100 km/h
10711,100 km/h
10712,100 km/h
10713,80 km/h
10714,No overtaking for trucks
10715,60 km/h
10716,Roadwork
10717,Give way
10718,100 km/h
10719,Turn left
10720,Only straight
10721,Main road
10722,Crossroad with secondary way
10723,Stop
10724,Give way
10725,Circle crossroad
10726,Road up
10727,80 km/h
10728,End of overtaking limit for truck
10729,Snow
10730,80 km/h
10731,Slippery road
10732,100 km/h
10733,Only left
10734,Only left
10735,No overtaking for trucks
10736,70 km/h
10737,Other dangerous
10738,Hollow road
10739,30 km/h
10740,100 km/h
10741,80 km/h
10742,Roadwork
10743,Other dangerous
10744,80 km/h
10745,Deer
10746,Deer
10747,Other dangerous
10748,30 km/h
10749,100 km/h
10750,30 km/h
10751,Take right
10752,Other dangerous
10753,Slippery road
10754,50 km/h
10755,100 km/h
10756,Only left
10757,Road up for truck
10758,100 km/h
10759,Children
10760,Deer
10761,30 km/h
10762,70 km/h
10763,100 km/h
10764,Brock
10765,Brock
10766,60 km/h
10767,30 km/h
10768,Only straight and right
10769,Stop
10770,Roadwork
10771,Roadwork
10772,Road up
10773,Brock
10774,100 km/h
10775,Give way
10776,Give way
10777,Winding road
10778,30 km/h
10779,Brock
10780,Crossroad with secondary way
10781,Take right
10782,80 km/h end
10783,60 km/h
10784,Road up
10785,Take right
10786,60 km/h
10787,Crossroad with secondary way
10788,Brock
10789,No overtaking
10790,Only right
10791,Take right
10792,80 km/h end
10793,Crossroad with secondary way
10794,Roadwork
10795,End of the limits
10796,80 km/h end
10797,Give way
10798,Only left
10799,Narrowing road
10800,Take right
10801,Only right
10802,Roadwork
10803,Pedestrian
10804,50 km/h
10805,Only straight
10806,60 km/h
10807,No overtaking for trucks
10808,100 km/h
10809,30 km/h
10810,80 km/h
10811,No overtaking
10812,Main road
10813,Slippery road
10814,Snow
10815,Brock
10816,50 km/h
10817,Give way
10818,Crossroad with secondary way
10819,Give way
10820,Turn right
10821,60 km/h
10822,No overtaking
10823,Only straight
10824,Narrowing road
10825,Take right
10826,End of the limits
10827,70 km/h
10828,Take right
10829,Other dangerous
10830,No overtaking
10831,Only straight and right
10832,20 km/h
10833,Crossroad with secondary way
10834,100 km/h
10835,80 km/h end
10836,100 km/h
10837,60 km/h
10838,120 km/h
10839,Turn right
10840,30 km/h
10841,Turn right
10842,Only right
10843,No overtaking
10844,80 km/h
10845,Crossroad with secondary way
10846,Slippery road
10847,Narrowing road
10848,Hollow road
10849,50 km/h
10850,Stop
10851,50 km/h
10852,Winding road
10853,Road up for truck
10854,Turn right
10855,Roadwork
10856,No overtaking
10857,Roadwork
10858,Take right
10859,Only right
10860,80 km/h
10861,Turn right
10862,120 km/h
10863,80 km/h
10864,Traffic light
10865,80 km/h
10866,100 km/h
10867,No overtaking
10868,100 km/h
10869,80 km/h
10870,60 km/h
10871,Brock
10872,Snow
10873,Main road
10874,No overtaking
10875,Brock
10876,100 km/h
10877,Deer
10878,100 km/h
10879,End of overtaking limit for truck
10880,100 km/h
10881,Brock
10882,Narrowing road
10883,60 km/h
10884,20 km/h
10885,Turn right
10886,Crossroad with secondary way
10887,70 km/h
10888,Only straight and right
10889,60 km/h
10890,Give way
10891,100 km/h
10892,Road up for truck
10893,60 km/h
10894,70 km/h
10895,End of the limits
10896,Main road
10897,120 km/h
10898,Winding road
10899,Winding road
10900,Crossroad with secondary way
10901,80 km/h
10902,60 km/h
10903,Slippery road
10904,70 km/h
10905,Narrowing road
10906,Other dangerous
10907,Main road
10908,Take right
10909,Roadwork
10910,100 km/h
10911,70 km/h
10912,Deer
10913,Give way
10914,100 km/h
10915,Roadwork
10916,60 km/h
10917,100 km/h
10918,Bike
10919,Road up
10920,Give way
10921,Only right
10922,50 km/h
10923,30 km/h
10924,End of overtaking limit for truck
10925,Only left
10926,Give way
10927,60 km/h
10928,Circle crossroad
10929,100 km/h
10930,No overtaking
10931,100 km/h
10932,No overtaking
10933,120 km/h
10934,80 km/h
10935,100 km/h
10936,Slippery road
10937,Give way
10938,End of overtaking limit
10939,End of overtaking limit for truck
10940,Give way
10941,Brock
10942,Other dangerous
10943,Main road
10944,No overtaking
10945,Take right
10946,No overtaking
10947,No overtaking for trucks
10948,Other dangerous
10949,Deer
10950,No overtaking
10951,100 km/h
10952,Slippery road
10953,60 km/h
10954,Only straight
10955,Only straight and left
10956,60 km/h
10957,Only right
10958,Only straight and right
10959,Take right
10960,100 km/h
10961,Turn right
10962,70 km/h
10963,No overtaking for trucks
10964,Only straight
10965,Give way
10966,Slippery road
10967,Give way
10968,Give way
10969,Take right
10970,Brock
10971,Pedestrian
10972,80 km/h end
10973,100 km/h
10974,120 km/h
10975,Hollow road
10976,Main road
10977,Take right
10978,30 km/h
10979,100 km/h
10980,30 km/h
10981,Slippery road
10982,Narrowing road
10983,Main road
10984,70 km/h
10985,80 km/h
10986,Give way
10987,Other dangerous
10988,Turn right
10989,Take left
10990,60 km/h
10991,Deer
10992,100 km/h
10993,Crossroad with secondary way
10994,100 km/h
10995,Turn right
10996,No overtaking for trucks
10997,Take right
10998,Brock
10999,70 km/h
11000,30 km/h
11001,Roadwork
11002,Crossroad with secondary way
11003,80 km/h
11004,Crossroad with secondary way
11005,30 km/h
11006,60 km/h
11007,70 km/h
11008,Turn left
11009,End of overtaking limit
11010,100 km/h
11011,30 km/h
11012,No overtaking
11013,70 km/h
11014,Roadwork
11015,120 km/h
11016,100 km/h
11017,Road up
11018,Turn right
11019,Only straight and right
11020,Take right
11021,No overtaking
11022,Circle crossroad
11023,100 km/h
11024,No overtaking
11025,Take right
11026,80 km/h
11027,Give way
11028,Give way
11029,70 km/h
11030,Traffic light
11031,Only straight
11032,30 km/h
11033,Give way
11034,Give way
11035,100 km/h
11036,End of overtaking limit for truck
11037,Take right
11038,Bike
11039,120 km/h
11040,Deer
11041,80 km/h
11042,70 km/h
11043,Road up
11044,Take right
11045,60 km/h
11046,60 km/h
11047,60 km/h
11048,80 km/h
11049,30 km/h
11050,100 km/h
11051,Narrowing road
11052,100 km/h
11053,Give way
11054,Other dangerous
11055,Turn right
11056,80 km/h
11057,Crossroad with secondary way
11058,70 km/h
11059,100 km/h
11060,Stop
11061,100 km/h
11062,70 km/h
11063,Crossroad with secondary way
11064,50 km/h
11065,Take right
11066,100 km/h
11067,Take right
11068,Hollow road
11069,Roadwork
11070,Road up
11071,Give way
11072,80 km/h end
11073,60 km/h
11074,60 km/h
11075,Only straight
11076,Road up
11077,No overtaking
11078,Take right
11079,60 km/h
11080,Roadwork
11081,Deer
11082,Stop
11083,No overtaking
11084,100 km/h
11085,50 km/h
11086,Turn right
11087,No overtaking
11088,Turn left
11089,100 km/h
11090,End of overtaking limit for truck
11091,Brock
11092,End of the limits
11093,80 km/h end
11094,Take right
11095,70 km/h
11096,Road up for truck
11097,60 km/h
11098,100 km/h
11099,Give way
11100,Only straight
11101,Main road
11102,Take right
11103,Only right
11104,End of overtaking limit for truck
11105,80 km/h
11106,Traffic light
11107,70 km/h
11108,70 km/h
11109,Turn right
11110,Take right
11111,Brock
11112,Snow
11113,Stop
11114,Take right
11115,Take right
11116,Road up for truck
11117,Take left
11118,80 km/h
11119,Other dangerous
11120,100 km/h
11121,Turn right
11122,No overtaking
11123,60 km/h
11124,Roadwork
11125,No overtaking
11126,No overtaking for trucks
11127,Bike
11128,Only straight
11129,Turn left
11130,Bike
11131,80 km/h
11132,Give way
11133,Other dangerous
11134,70 km/h
11135,Other dangerous
11136,Turn left
11137,Take right
11138,70 km/h
11139,No overtaking
11140,No overtaking for trucks
11141,Turn left
11142,Take right
11143,60 km/h
11144,Take right
11145,Slippery road
11146,No overtaking
11147,100 km/h
11148,Slippery road
11149,80 km/h
11150,Narrowing road
11151,30 km/h
11152,70 km/h
11153,Snow
11154,Take right
11155,Slippery road
11156,Brock
11157,80 km/h end
11158,30 km/h
11159,Other dangerous
11160,No overtaking
11161,Take right
11162,100 km/h
11163,Narrowing road
11164,Other dangerous
11165,Only straight
11166,Brock
11167,Roadwork
11168,80 km/h
11169,Slippery road
11170,Crossroad with secondary way
11171,100 km/h
11172,100 km/h
11173,Main road
11174,Brock
11175,Snow
11176,Give way
11177,100 km/h
11178,Only left
11179,Road up
11180,Turn left
11181,70 km/h
11182,Children
11183,Give way
11184,End of overtaking limit for truck
11185,Snow
11186,No overtaking for trucks
11187,70 km/h
11188,Brock
11189,Brock
11190,Take left
11191,Other dangerous
11192,80 km/h
11193,80 km/h end
11194,Only straight and right
11195,No overtaking
11196,Other dangerous
11197,100 km/h
11198,Bike
11199,80 km/h
11200,Take right
11201,End of overtaking limit
11202,100 km/h
11203,Turn right
11204,Pedestrian
11205,80 km/h end
11206,80 km/h end
11207,Deer
11208,Take right
11209,No overtaking
11210,80 km/h
11211,Take right
11212,80 km/h
11213,Take right
11214,Turn left
11215,Only straight
11216,Only left
11217,No overtaking
11218,Hollow road
11219,Main road
11220,Slippery road
11221,Crossroad with secondary way
11222,30 km/h
11223,Only straight and right
11224,80 km/h
11225,100 km/h
11226,Only right
11227,30 km/h
11228,Turn right
11229,100 km/h
11230,End of overtaking limit for truck
11231,Brock
11232,70 km/h
11233,Crossroad with secondary way
11234,Main road
11235,Bike
11236,80 km/h
11237,End of overtaking limit for truck
11238,End of overtaking limit for truck
11239,60 km/h
11240,Road up for truck
11241,80 km/h
11242,Turn left
11243,80 km/h end
11244,50 km/h
11245,Roadwork
11246,70 km/h
11247,Road up for truck
11248,Winding road
11249,Take right
11250,Road up
11251,60 km/h
11252,100 km/h
11253,Road up
11254,30 km/h
11255,Only right
11256,No overtaking
11257,Roadwork
11258,80 km/h
11259,Brock
11260,No overtaking
11261,100 km/h
11262,80 km/h end
11263,Crossroad with secondary way
11264,Only straight
11265,Slippery road
11266,100 km/h
11267,Only right
11268,Circle crossroad
11269,End of overtaking limit for truck
11270,Slippery road
11271,Crossroad with secondary way
11272,Take left
11273,Other dangerous
11274,Turn right
11275,100 km/h
11276,Stop
11277,80 km/h
11278,No overtaking for trucks
11279,80 km/h
11280,Road up
11281,50 km/h
11282,Brock
11283,100 km/h
11284,Only straight
11285,Brock
11286,Take right
11287,60 km/h
11288,Give way
11289,30 km/h
11290,Take right
11291,No overtaking
11292,100 km/h
11293,Road up for truck
11294,Only right
11295,Slippery road
11296,60 km/h
11297,Crossroad with secondary way
11298,Winding road
11299,Road up
11300,Slippery road
11301,30 km/h
11302,Brock
11303,No overtaking
11304,Only straight and right
11305,100 km/h
11306,End of overtaking limit for truck
11307,100 km/h
11308,Crossroad with secondary way
11309,Brock
11310,Give way
11311,Only straight and right
11312,Main road
11313,100 km/h
11314,Crossroad with secondary way
11315,100 km/h
11316,Hollow road
11317,120 km/h
11318,Main road
11319,End of overtaking limit for truck
11320,Main road
11321,Stop
11322,Give way
11323,Deer
11324,80 km/h end
11325,Only right
11326,20 km/h
11327,60 km/h
11328,Stop
11329,80 km/h
11330,Stop
11331,Give way
11332,Give way
11333,Other dangerous
11334,Give way
11335,Deer
11336,Take right
11337,50 km/h
11338,Stop
11339,End of the limits
11340,Crossroad with secondary way
11341,Give way
11342,100 km/h
11343,100 km/h
11344,70 km/h
11345,120 km/h
11346,Traffic light
11347,100 km/h
11348,Road up
11349,120 km/h
11350,Other dangerous
11351,Roadwork
11352,Only left
11353,30 km/h
11354,80 km/h end
11355,Slippery road
11356,50 km/h
11357,100 km/h
11358,100 km/h
11359,Crossroad with secondary way
11360,70 km/h
11361,End of overtaking limit for truck
11362,70 km/h
11363,Only straight
11364,No overtaking
11365,Crossroad with secondary way
11366,70 km/h
11367,100 km/h
11368,20 km/h
11369,Stop
11370,Crossroad with secondary way
11371,100 km/h
11372,120 km/h
11373,Main road
11374,Only straight and left
11375,Deer
11376,100 km/h
11377,80 km/h
11378,Deer
11379,Children
11380,End of the limits
11381,80 km/h end
11382,Main road
11383,Road up for truck
11384,80 km/h
11385,100 km/h
11386,Road up
11387,No overtaking
11388,80 km/h
11389,Crossroad with secondary way
11390,Give way
11391,Circle crossroad
11392,Narrowing road
11393,Other dangerous
11394,Main road
11395,Deer
11396,60 km/h
11397,Main road
11398,Take right
11399,End of overtaking limit for truck
11400,100 km/h
11401,80 km/h end
11402,Roadwork
11403,Turn right
11404,100 km/h
11405,100 km/h
11406,Give way
11407,100 km/h
11408,No overtaking
11409,100 km/h
11410,80 km/h
11411,30 km/h
11412,70 km/h
11413,Only straight and left
11414,Roadwork
11415,Crossroad with secondary way
11416,No overtaking for trucks
11417,100 km/h
11418,30 km/h
11419,Main road
11420,End of overtaking limit
11421,Crossroad with secondary way
11422,50 km/h
11423,Stop
11424,Give way
11425,Take right
11426,Only left
11427,Slippery road
11428,Only right
11429,Stop
11430,Brock
11431,Take right
11432,Slippery road
11433,Slippery road
11434,Brock
11435,Give way
11436,No overtaking for trucks
11437,100 km/h
11438,Take left
11439,Crossroad with secondary way
11440,Turn right
11441,Snow
11442,Other dangerous
11443,70 km/h
11444,60 km/h
11445,70 km/h
11446,Take right
11447,Other dangerous
11448,Only straight
11449,Crossroad with secondary way
11450,Crossroad with secondary way
11451,No overtaking for trucks
11452,No overtaking
11453,70 km/h
11454,Roadwork
11455,Circle crossroad
11456,Road up for truck
11457,No overtaking
11458,Main road
11459,Crossroad with secondary way
11460,Roadwork
11461,60 km/h
11462,Children
11463,Take right
11464,70 km/h
11465,Hollow road
11466,80 km/h
11467,Take right
11468,80 km/h
11469,80 km/h
11470,Traffic light
11471,Snow
11472,100 km/h
11473,Roadwork
11474,Main road
11475,Other dangerous
11476,70 km/h
11477,70 km/h
11478,Narrowing road
11479,Give way
11480,Crossroad with secondary way
11481,No overtaking
11482,Pedestrian
11483,Take right
11484,80 km/h end
11485,Road up
11486,End of overtaking limit for truck
11487,Only right
11488,No overtaking for trucks
11489,Give way
11490,Give way
11491,Only straight
11492,60 km/h
11493,60 km/h
11494,100 km/h
11495,30 km/h
11496,100 km/h
11497,80 km/h end
11498,Take right
11499,No overtaking
11500,Bike
11501,Hollow road
11502,80 km/h end
11503,Main road
11504,Main road
11505,End of overtaking limit for truck
11506,Slippery road
11507,Deer
11508,Main road
11509,70 km/h
11510,Crossroad with secondary way
11511,100 km/h
11512,Roadwork
11513,Main road
11514,Only straight
11515,Only straight
11516,60 km/h
11517,Road up
11518,Road up
11519,30 km/h
11520,Only right
11521,100 km/h
11522,Only straight and right
11523,Only straight and right
11524,30 km/h
11525,Hollow road
11526,Give way
11527,Brock
11528,No overtaking for trucks
11529,Only straight and right
11530,Give way
11531,No overtaking
11532,No overtaking
11533,Brock
11534,100 km/h
11535,100 km/h
11536,80 km/h
11537,70 km/h
11538,80 km/h end
11539,60 km/h
11540,End of the limits
11541,100 km/h
11542,Winding road
11543,Take right
11544,Slippery road
11545,30 km/h
11546,Give way
11547,Give way
11548,No overtaking for trucks
11549,Give way
11550,Road up
11551,Take right
11552,60 km/h
11553,Only right
11554,120 km/h
11555,Slippery road
11556,30 km/h
11557,60 km/h
11558,Turn left
11559,Only straight
11560,No overtaking
11561,Only straight
11562,80 km/h
11563,Take right
11564,80 km/h end
11565,Roadwork
11566,Hollow road
11567,Hollow road
11568,80 km/h end
11569,50 km/h
11570,Main road
11571,Crossroad with secondary way
11572,Roadwork
11573,30 km/h
11574,Main road
11575,Other dangerous
11576,100 km/h
11577,Roadwork
11578,100 km/h
11579,Crossroad with secondary way
11580,Give way
11581,Crossroad with secondary way
11582,30 km/h
11583,Crossroad with secondary way
11584,Brock
11585,Only right
11586,Children
11587,Snow
11588,Give way
11589,70 km/h
11590,Only straight and right
11591,No overtaking
11592,Roadwork
11593,Main road
11594,No overtaking
11595,Only straight
11596,Take right
11597,Road up
11598,80 km/h end
11599,Only left
11600,Narrowing road
11601,Give way
11602,No overtaking
11603,Snow
11604,Take right
11605,Deer
11606,Turn left
11607,60 km/h
11608,Give way
11609,Only right
11610,100 km/h
11611,Give way
11612,Give way
11613,Deer
11614,Only straight
11615,80 km/h
11616,Brock
11617,Only right
11618,Hollow road
11619,80 km/h end
11620,Give way
11621,Other dangerous
11622,Main road
11623,Crossroad with secondary way
11624,100 km/h
11625,Main road
11626,Other dangerous
11627,Only right
11628,End of overtaking limit for truck
11629,100 km/h
11630,Road up for truck
11631,Brock
11632,100 km/h
11633,Take right
11634,120 km/h
11635,100 km/h
11636,Crossroad with secondary way
11637,80 km/h
11638,60 km/h
11639,100 km/h
11640,50 km/h
11641,Take right
11642,60 km/h
11643,120 km/h
11644,120 km/h
11645,80 km/h
11646,30 km/h
11647,No overtaking
11648,Give way
11649,Take right
11650,No overtaking
11651,50 km/h
11652,30 km/h
11653,No overtaking
11654,Road up
11655,Snow
11656,30 km/h
11657,Main road
11658,Main road
11659,120 km/h
11660,Roadwork
11661,No overtaking
11662,100 km/h
11663,80 km/h
11664,80 km/h
11665,80 km/h end
11666,Other dangerous
11667,Main road
11668,No overtaking
11669,100 km/h
11670,Only right
11671,Give way
11672,100 km/h
11673,100 km/h
11674,Stop
11675,70 km/h
11676,30 km/h
11677,Deer
11678,Deer
11679,Give way
11680,Road up
11681,100 km/h
11682,Road up
11683,Roadwork
11684,Bike
11685,30 km/h
11686,Take right
11687,Roadwork
11688,100 km/h
11689,80 km/h
11690,Snow
11691,20 km/h
11692,Slippery road
11693,100 km/h
11694,No overtaking for trucks
11695,30 km/h
11696,80 km/h
11697,No overtaking
11698,Roadwork
11699,Take right
11700,Crossroad with secondary way
11701,30 km/h
11702,Take right
11703,Give way
11704,Road up
11705,Crossroad with secondary way
11706,80 km/h
11707,Children
11708,70 km/h
11709,End of the limits
11710,No overtaking
11711,70 km/h
11712,Children
11713,No overtaking for trucks
11714,Snow
11715,100 km/h
11716,No overtaking
11717,Other dangerous
11718,Narrowing road
11719,Traffic light
11720,Turn left
11721,End of overtaking limit for truck
11722,Children
11723,Snow
11724,60 km/h
11725,80 km/h
11726,80 km/h
11727,100 km/h
11728,Children
11729,60 km/h
11730,80 km/h
11731,Give way
11732,Main road
11733,Main road
11734,Only left
11735,Give way
11736,100 km/h
11737,Crossroad with secondary way
11738,100 km/h
11739,60 km/h
11740,70 km/h
11741,120 km/h
11742,100 km/h
11743,Traffic light
11744,No overtaking
11745,Only straight
11746,Circle crossroad
11747,Circle crossroad
11748,50 km/h
11749,Take right
11750,Only right
11751,Only straight and left
11752,70 km/h
11753,Give way
11754,80 km/h
11755,Main road
11756,No overtaking
11757,Only straight and left
11758,Take right
11759,End of overtaking limit for truck
11760,20 km/h
11761,70 km/h
11762,Traffic light
11763,80 km/h
11764,70 km/h
11765,Only left
11766,Only left
11767,End of overtaking limit for truck
11768,Take right
11769,Crossroad with secondary way
11770,Bike
11771,Roadwork
11772,Crossroad with secondary way
11773,End of overtaking limit for truck
11774,80 km/h
11775,Give way
11776,120 km/h
11777,70 km/h
11778,Hollow road
11779,60 km/h
11780,Main road
11781,No overtaking
11782,120 km/h
11783,Traffic light
11784,Crossroad with secondary way
11785,Other dangerous
11786,Main road
11787,Brock
11788,60 km/h
11789,Give way
11790,Other dangerous
11791,No overtaking
11792,End of overtaking limit for truck
11793,80 km/h
11794,80 km/h end
11795,Take right
11796,30 km/h
11797,Take right
11798,80 km/h end
11799,Take right
11800,Hollow road
11801,No overtaking
11802,30 km/h
11803,100 km/h
11804,Slippery road
11805,No overtaking
11806,50 km/h
11807,No overtaking
11808,Take right
11809,Only right
11810,Main road
11811,100 km/h
11812,Give way
11813,70 km/h
11814,No overtaking for trucks
11815,Deer
11816,End of the limits
11817,Only right
11818,Brock
11819,120 km/h
11820,Roadwork
11821,120 km/h
11822,Bike
11823,80 km/h
11824,100 km/h
11825,100 km/h
11826,60 km/h
11827,No overtaking for trucks
11828,Roadwork
11829,70 km/h
11830,Main road
11831,70 km/h
11832,End of overtaking limit for truck
11833,No overtaking
11834,80 km/h
11835,Slippery road
11836,Road up
11837,120 km/h
11838,Main road
11839,Slippery road
11840,Other dangerous
11841,Roadwork
11842,Give way
11843,Roadwork
11844,Take right
11845,Crossroad with secondary way
11846,100 km/h
11847,Brock
11848,80 km/h
11849,Roadwork
11850,Take right
11851,30 km/h
11852,No overtaking for trucks
11853,100 km/h
11854,Only right
11855,Stop
11856,100 km/h
11857,Only straight and right
11858,Give way
11859,Slippery road
11860,Give way
11861,Stop
11862,Stop
11863,Road up
11864,60 km/h
11865,Give way
11866,Stop
11867,Main road
11868,Give way
11869,60 km/h
11870,Crossroad with secondary way
11871,Bike
11872,Other dangerous
11873,Roadwork
11874,Only straight
11875,60 km/h
11876,Take left
11877,70 km/h
11878,100 km/h
11879,Give way
11880,Only straight and right
11881,Winding road
11882,Main road
11883,80 km/h
11884,No overtaking
11885,70 km/h
11886,Give way
11887,100 km/h
11888,100 km/h
11889,Give way
11890,Brock
11891,End of the limits
11892,Brock
11893,Only right
11894,70 km/h
11895,30 km/h
11896,80 km/h
11897,Only straight
11898,70 km/h
11899,Turn right
11900,Slippery road
11901,Give way
11902,Only right
11903,Take right
11904,Main road
11905,Only straight
11906,80 km/h
11907,80 km/h end
11908,Brock
11909,Road up
11910,Roadwork
11911,50 km/h
11912,Roadwork
11913,Take right
11914,70 km/h
11915,Crossroad with secondary way
11916,No overtaking for trucks
11917,Only straight
11918,Circle crossroad
11919,Road up for truck
11920,Give way
11921,No overtaking
11922,30 km/h
11923,Slippery road
11924,100 km/h
11925,100 km/h
11926,Give way
11927,Other dangerous
11928,Hollow road
11929,Give way
11930,30 km/h
11931,No overtaking
11932,Circle crossroad
11933,30 km/h
11934,70 km/h
11935,120 km/h
11936,Stop
11937,No overtaking
11938,60 km/h
11939,Only straight and right
11940,Turn left
11941,80 km/h
11942,Main road
11943,60 km/h
11944,60 km/h
11945,120 km/h
11946,No overtaking
11947,Circle crossroad
11948,Children
11949,Deer
11950,Take right
11951,Other dangerous
11952,End of overtaking limit
11953,Road up for truck
11954,80 km/h end
11955,70 km/h
11956,Take right
11957,80 km/h
11958,Snow
11959,Main road
11960,100 km/h
11961,Give way
11962,Circle crossroad
11963,End of overtaking limit
11964,Bike
11965,End of overtaking limit for truck
11966,No overtaking
11967,Main road
11968,70 km/h
11969,30 km/h
11970,Give way
11971,Give way
11972,Traffic light
11973,No overtaking
11974,Deer
11975,Give way
11976,Only left
11977,50 km/h
11978,Only right
11979,Only right
11980,Bike
11981,100 km/h
11982,No overtaking
11983,80 km/h
11984,30 km/h
11985,No overtaking
11986,100 km/h
11987,Roadwork
11988,Stop
11989,Take right
11990,30 km/h
11991,Road up for truck
11992,30 km/h
11993,60 km/h
11994,No overtaking
11995,No overtaking
11996,Traffic light
11997,Roadwork
11998,No overtaking
11999,Main road
12000,Snow
12001,Deer
12002,Main road
12003,100 km/h
12004,Turn right
12005,80 km/h
12006,Main road
12007,100 km/h
12008,80 km/h end
12009,Crossroad with secondary way
12010,Roadwork
12011,100 km/h
12012,Stop
12013,Main road
12014,Give way
12015,End of overtaking limit for truck
12016,Narrowing road
12017,Crossroad with secondary way
12018,Crossroad with secondary way
12019,80 km/h
12020,80 km/h
12021,70 km/h
12022,Slippery road
12023,Only right
12024,Main road
12025,80 km/h end
12026,70 km/h
12027,60 km/h
12028,End of the limits
12029,60 km/h
12030,100 km/h
12031,100 km/h
12032,Slippery road
12033,Only straight
12034,100 km/h
12035,No overtaking
12036,80 km/h
12037,Take right
12038,50 km/h
12039,Only straight
12040,No overtaking for trucks
12041,30 km/h
12042,No overtaking
12043,Only straight
12044,70 km/h
12045,Give way
12046,No overtaking
12047,Only straight
12048,70 km/h
12049,Crossroad with secondary way
12050,100 km/h
12051,Take right
12052,No overtaking
12053,No overtaking
12054,Other dangerous
12055,Only straight and right
12056,Main road
12057,Turn left
12058,Crossroad with secondary way
12059,30 km/h
12060,Stop
12061,70 km/h
12062,100 km/h
12063,120 km/h
12064,Circle crossroad
12065,Only left
12066,Only straight
12067,50 km/h
12068,Only straight and left
12069,Only straight
12070,70 km/h
12071,Roadwork
12072,Brock
12073,Brock
12074,100 km/h
12075,50 km/h
12076,80 km/h
12077,Only straight
12078,100 km/h
12079,100 km/h
12080,Stop
12081,70 km/h
12082,30 km/h
12083,No overtaking
12084,Winding road
12085,Children
12086,100 km/h
12087,30 km/h
12088,Give way
12089,100 km/h
12090,60 km/h
12091,Brock
12092,80 km/h
12093,Main road
12094,Slippery road
12095,Brock
12096,Crossroad with secondary way
12097,Crossroad with secondary way
12098,Roadwork
12099,Main road
12100,100 km/h
12101,Turn right
12102,Roadwork
12103,Only right
12104,100 km/h
12105,70 km/h
12106,Take right
12107,Stop
12108,Snow
12109,Main road
12110,30 km/h
12111,30 km/h
12112,30 km/h
12113,No overtaking
12114,100 km/h
12115,Traffic light
12116,80 km/h
12117,30 km/h
12118,Roadwork
12119,Main road
12120,120 km/h
12121,80 km/h end
12122,Main road
12123,70 km/h
12124,80 km/h end
12125,30 km/h
12126,80 km/h
12127,70 km/h
12128,Stop
12129,Slippery road
12130,Roadwork
12131,Slippery road
12132,Give way
12133,70 km/h
12134,Give way
12135,Stop
12136,Take right
12137,Slippery road
12138,Roadwork
12139,No overtaking
12140,120 km/h
12141,Only left
12142,30 km/h
12143,Hollow road
12144,100 km/h
12145,100 km/h
12146,Roadwork
12147,Only straight
12148,Give way
12149,Give way
12150,Brock
12151,Narrowing road
12152,Main road
12153,Only right
12154,70 km/h
12155,80 km/h end
12156,20 km/h
12157,80 km/h
12158,Main road
12159,Brock
12160,Bike
12161,Only straight
12162,Snow
12163,80 km/h
12164,30 km/h
12165,100 km/h
12166,Give way
12167,100 km/h
12168,Give way
12169,70 km/h
12170,Slippery road
12171,Crossroad with secondary way
12172,Slippery road
12173,Snow
12174,120 km/h
12175,Only straight and right
12176,Only straight
12177,Take right
12178,100 km/h
12179,Roadwork
12180,100 km/h
12181,70 km/h
12182,Turn right
12183,Give way
12184,No overtaking for trucks
12185,100 km/h
12186,Other dangerous
12187,Crossroad with secondary way
12188,Only right
12189,End of overtaking limit for truck
12190,Main road
12191,Only straight
12192,Deer
12193,30 km/h
12194,100 km/h
12195,Other dangerous
12196,End of the limits
12197,Give way
12198,Take right
12199,Snow
12200,Pedestrian
12201,Turn right
12202,Crossroad with secondary way
12203,No overtaking
12204,50 km/h
12205,100 km/h
12206,30 km/h
12207,Road up for truck
12208,Snow
12209,80 km/h
12210,100 km/h
12211,No overtaking
12212,Roadwork
12213,Take right
12214,Road up
12215,Brock
12216,Slippery road
12217,Take right
12218,Brock
12219,80 km/h
12220,Give way
12221,50 km/h
12222,Give way
12223,End of overtaking limit
12224,30 km/h
12225,80 km/h
12226,70 km/h
12227,Take right
12228,Slippery road
12229,No overtaking for trucks
12230,Deer
12231,Main road
12232,Traffic light
12233,No overtaking
12234,No overtaking for trucks
12235,Brock
12236,80 km/h
12237,End of overtaking limit for truck
12238,70 km/h
12239,Only straight and right
12240,Only left
12241,100 km/h
12242,Deer
12243,80 km/h
12244,Road up
12245,50 km/h
12246,Give way
12247,Narrowing road
12248,60 km/h
12249,80 km/h end
12250,Only left
12251,70 km/h
12252,80 km/h
12253,Brock
12254,Bike
12255,Snow
12256,Traffic light
12257,20 km/h
12258,Other dangerous
12259,Turn right
12260,No overtaking
12261,Give way
12262,Brock
12263,Roadwork
12264,100 km/h
12265,Take right
12266,Road up for truck
12267,Other dangerous
12268,80 km/h
12269,Road up for truck
12270,80 km/h end
12271,Slippery road
12272,Circle crossroad
12273,Brock
12274,30 km/h
12275,Give way
12276,80 km/h
12277,Take right
12278,Main road
12279,Roadwork
12280,80 km/h
12281,Roadwork
12282,Only straight
12283,70 km/h
12284,Main road
12285,70 km/h
12286,Stop
12287,100 km/h
12288,Brock
12289,80 km/h
12290,Crossroad with secondary way
12291,100 km/h
12292,Other dangerous
12293,60 km/h
12294,Main road
12295,120 km/h
12296,Take left
12297,120 km/h
12298,Slippery road
12299,80 km/h
12300,Narrowing road
12301,Slippery road
12302,Crossroad with secondary way
12303,Narrowing road
12304,30 km/h
12305,70 km/h
12306,Narrowing road
12307,Main road
12308,80 km/h
12309,Crossroad with secondary way
12310,Give way
12311,Roadwork
12312,Only straight and left
12313,60 km/h
12314,100 km/h
12315,End of overtaking limit for truck
12316,30 km/h
12317,Take right
12318,Roadwork
12319,Hollow road
12320,80 km/h
12321,Take right
12322,Give way
12323,Stop
12324,80 km/h
12325,No overtaking
12326,50 km/h
12327,Main road
12328,Take left
12329,No overtaking
12330,70 km/h
12331,70 km/h
12332,100 km/h
12333,80 km/h
12334,Only straight and left
12335,70 km/h
12336,Roadwork
12337,Take right
12338,Take right
12339,80 km/h
12340,Only right
12341,Crossroad with secondary way
12342,Main road
12343,60 km/h
12344,120 km/h
12345,80 km/h
12346,100 km/h
12347,Other dangerous
12348,100 km/h
12349,100 km/h
12350,Stop
12351,Turn right
12352,Give way
12353,100 km/h
12354,Main road
12355,Only straight
12356,Roadwork
12357,End of the limits
12358,Main road
12359,No overtaking
12360,Crossroad with secondary way
12361,30 km/h
12362,70 km/h
12363,Take right
12364,Crossroad with secondary way
12365,70 km/h
12366,Take left
12367,70 km/h
12368,60 km/h
12369,30 km/h
12370,Crossroad with secondary way
12371,80 km/h end
12372,Give way
12373,100 km/h
12374,70 km/h
12375,Crossroad with secondary way
12376,100 km/h
12377,Hollow road
12378,30 km/h
12379,Slippery road
12380,Give way
12381,Stop
12382,30 km/h
12383,Bike
12384,Roadwork
12385,Give way
12386,80 km/h
12387,80 km/h
12388,20 km/h
12389,End of overtaking limit for truck
12390,Children
12391,Children
12392,No overtaking for trucks
12393,Deer
12394,Only right
12395,Snow
12396,No overtaking for trucks
12397,100 km/h
12398,No overtaking
12399,120 km/h
12400,Stop
12401,Traffic light
12402,100 km/h
12403,Stop
12404,Deer
12405,No overtaking
12406,Slippery road
12407,No overtaking for trucks
12408,100 km/h
12409,End of overtaking limit for truck
12410,Stop
12411,70 km/h
12412,Give way
12413,Give way
12414,Take right
12415,60 km/h
12416,Circle crossroad
12417,Give way
12418,Traffic light
12419,Crossroad with secondary way
12420,Traffic light
12421,End of overtaking limit for truck
12422,100 km/h
12423,50 km/h
12424,70 km/h
12425,50 km/h
12426,Other dangerous
12427,Traffic light
12428,Traffic light
12429,50 km/h
12430,Road up for truck
12431,60 km/h
12432,100 km/h
12433,Only left
12434,Main road
12435,No overtaking
12436,30 km/h
12437,50 km/h
12438,80 km/h
12439,60 km/h
12440,Give way
12441,Circle crossroad
12442,Take right
12443,Crossroad with secondary way
12444,Road up for truck
12445,Turn right
12446,Crossroad with secondary way
12447,Only left
12448,70 km/h
12449,Pedestrian
12450,Roadwork
12451,Road up
12452,Other dangerous
12453,80 km/h
12454,Only straight and right
12455,Slippery road
12456,Only left
12457,Stop
12458,80 km/h
12459,Take right
12460,Traffic light
12461,Give way
12462,Main road
12463,No overtaking
12464,60 km/h
12465,100 km/h
12466,Only left
12467,100 km/h
12468,Give way
12469,Snow
12470,Give way
12471,Only straight
12472,80 km/h
12473,Main road
12474,70 km/h
12475,Narrowing road
12476,Give way
12477,Take right
12478,Other dangerous
12479,70 km/h
12480,80 km/h
12481,Deer
12482,Give way
12483,Only right
12484,Give way
12485,Brock
12486,60 km/h
12487,No overtaking
12488,Only straight
12489,Turn right
12490,Turn right
12491,Turn right
12492,Winding road
12493,50 km/h
12494,120 km/h
12495,80 km/h
12496,Only left
12497,Take right
12498,Only right
12499,Road up for truck
12500,Take right
12501,Crossroad with secondary way
12502,120 km/h
12503,Take right
12504,Only straight
12505,No overtaking
12506,60 km/h
12507,80 km/h
12508,Slippery road
12509,Give way
12510,Crossroad with secondary way
12511,100 km/h
12512,100 km/h
12513,Turn right
12514,End of the limits
12515,Road up for truck
12516,Brock
12517,Turn right
12518,No overtaking
12519,30 km/h
12520,80 km/h end
12521,No overtaking for trucks
12522,No overtaking
12523,50 km/h
12524,Slippery road
12525,Give way
12526,Children
12527,Only straight
12528,Other dangerous
12529,Crossroad with secondary way
12530,Take right
12531,Give way
12532,Winding road
12533,100 km/h
12534,Give way
12535,80 km/h
12536,Main road
12537,Other dangerous
12538,Roadwork
12539,Children
12540,Only straight and right
12541,Only right
12542,Road up for truck
12543,70 km/h
12544,60 km/h
12545,Crossroad with secondary way
12546,Slippery road
12547,80 km/h end
12548,80 km/h
12549,No overtaking for trucks
12550,Only straight
12551,Turn right
12552,100 km/h
12553,Circle crossroad
12554,No overtaking for trucks
12555,30 km/h
12556,100 km/h
12557,Deer
12558,Brock
12559,80 km/h
12560,100 km/h
12561,Main road
12562,Only left
12563,80 km/h
12564,Narrowing road
12565,Children
12566,Other dangerous
12567,Road up for truck
12568,Give way
12569,50 km/h
12570,60 km/h
12571,60 km/h
12572,Other dangerous
12573,30 km/h
12574,60 km/h
12575,Main road
12576,80 km/h
12577,Brock
12578,Only right
12579,60 km/h
12580,Road up
12581,Main road
12582,Give way
12583,Other dangerous
12584,Take right
12585,60 km/h
12586,60 km/h
12587,Main road
12588,Snow
12589,Brock
12590,70 km/h
12591,Only straight and right
12592,30 km/h
12593,Roadwork
12594,120 km/h
12595,Traffic light
12596,Main road
12597,Only straight and right
12598,100 km/h
12599,100 km/h
12600,Hollow road
12601,30 km/h
12602,Give way
12603,Give way
12604,120 km/h
12605,Pedestrian
12606,Crossroad with secondary way
12607,Take left
12608,Crossroad with secondary way
12609,30 km/h
12610,Only straight
12611,Other dangerous
12612,Take left
12613,Roadwork
12614,100 km/h
12615,80 km/h
12616,Main road
12617,Give way
12618,Pedestrian
12619,Stop
12620,80 km/h end
12621,80 km/h end
12622,No overtaking
12623,80 km/h end
12624,No overtaking
12625,Take right
12626,Brock
12627,100 km/h
12628,Slippery road
12629,70 km/h
